상가업소번호,상호명,지점명,상권업종대분류코드,상권업종대분류명,상권업종중분류코드,상권업종중분류명,상권업종소분류코드,상권업종소분류명,표준산업분류코드,표준산업분류명,시도코드,시도명,시군구코드,시군구명,행정동코드,행정동명,법정동코드,법정동명,지번코드,대지구분코드,대지구분명,지번본번지,지번부번지,지번주소,도로명코드,도로명,건물본번지,건물부번지,건물관리번호,건물명,도로명주소,구우편번호,신우편번호,동정보,층정보,호정보,경도,위도
MA010120220800105741,동원조경,,G2,소매,G219,식물 소매,G21901,꽃집,G47851,화초 및 식물 소매업,31,울산광역시,31710,울주군,31710253,언양읍,3171025322,언양읍,3.17103E+18,1,대지,209,2,울산광역시 울주군 언양읍 반천리 209-2,3.17103E+11,울산광역시 울주군 언양읍 대암둔기로,45,,3.17103E+24,,울산광역시 울주군 언양읍 대암둔기로 45,689805,44936,,,,129.1821326,35.55139291
MA010120220800139798,동진플라워,,G2,소매,G219,식물 소매,G21901,꽃집,G47851,화초 및 식물 소매업,31,울산광역시,31110,중구,31110620,병영1동,3111011500,남외동,3.11101E+18,1,대지,274,1,울산광역시 중구 남외동 274-1,3.11103E+11,울산광역시 중구 병영로,19,,3.11101E+24,,울산광역시 중구 병영로 19,681801,44493,,,,129.3458163,35.57115081
MA010120220800413609,꽃집백사장,,G2,소매,G219,식물 소매,G21901,꽃집,G47851,화초 및 식물 소매업,31,울산광역시,31140,남구,31140595,무거동,3114010100,무거동,3.11401E+18,1,대지,1546,5,울산광역시 남구 무거동 1546-5,3.11404E+11,울산광역시 남구 신복로46번길,33,,3.11401E+24,현대시장,울산광역시 남구 신복로46번길 33,680812,44603,,,,129.2579174,35.55187117
MA010120220800630665,오마이플라워,,G2,소매,G219,식물 소매,G21901,꽃집,G47851,화초 및 식물 소매업,31,울산광역시,31140,남구,31140635,수암동,3114010800,야음동,3.11401E+18,1,대지,746,18,울산광역시 남구 야음동 746-18,3.11404E+11,울산광역시 남구 야음로5번길,26,,3.11401E+24,,울산광역시 남구 야음로5번길 26,680841,44755,,1,,129.3213417,35.52251706
MA010120220802396453,시민꽃,백화점,G2,소매,G219,식물 소매,G21901,꽃집,G47851,화초 및 식물 소매업,31,울산광역시,31110,중구,31110610,다운동,3111011200,다운동,3.11101E+18,1,대지,291,1,울산광역시 중구 다운동 291-1,3.11103E+11,울산광역시 중구 다운로,246,,3.11101E+24,,울산광역시 중구 다운로 246,681802,44402,,,,129.266442,35.57462536
MA010120220802511219,모인플랜트,,G2,소매,G219,식물 소매,G21901,꽃집,G47851,화초 및 식물 소매업,31,울산광역시,31170,동구,31170550,전하1동,3117010400,전하동,3.11701E+18,1,대지,544,254,울산광역시 동구 전하동 544-254,3.11704E+11,울산광역시 동구 녹수8길,15,,3.11701E+24,모인플랜트,울산광역시 동구 녹수8길 15,682814,44039,,,,129.429373,35.51324321
MA010120220802679966,가홈플라워,,G2,소매,G219,식물 소매,G21901,꽃집,G47851,화초 및 식물 소매업,31,울산광역시,31200,북구,31200560,효문동,3120012100,진장동,3.12001E+18,1,대지,705,,울산광역시 북구 진장동 705,3.12004E+11,울산광역시 북구 진장17길,10,,3.12001E+24,,울산광역시 북구 진장17길 10,683360,44250,,1,,129.3564563,35.56241024
MA010120220802851282,예림다육,,G2,소매,G219,식물 소매,G21901,꽃집,G47851,화초 및 식물 소매업,31,울산광역시,31710,울주군,31710259,범서읍,3171025923,범서읍,3.17103E+18,1,대지,634,2,울산광역시 울주군 범서읍 입암리 634-2,3.17104E+11,울산광역시 울주군 범서읍 입암1길,51,,3.17103E+24,,울산광역시 울주군 범서읍 입암1길 51,689853,44926,,,,129.2253668,35.57494048
MA010120220802986897,그날의꽃,,G2,소매,G219,식물 소매,G21901,꽃집,G47851,화초 및 식물 소매업,31,울산광역시,31710,울주군,31710259,범서읍,3171025924,범서읍,3.17103E+18,1,대지,372,1,울산광역시 울주군 범서읍 굴화리 372-1,3.17104E+11,울산광역시 울주군 범서읍 굴화길,37,10,3.17103E+24,,울산광역시 울주군 범서읍 굴화길 37-10,689853,44933,,1,,129.2587877,35.55537806
MA010120220802936045,이목화,,G2,소매,G219,식물 소매,G21901,꽃집,G47851,화초 및 식물 소매업,31,울산광역시,31710,울주군,31710259,범서읍,3171025927,범서읍,3.17103E+18,1,대지,796,2,울산광역시 울주군 범서읍 구영리 796-2,3.17104E+11,울산광역시 울주군 범서읍 점촌4길,77,,3.17103E+24,한신,울산광역시 울주군 범서읍 점촌4길 77,689703,44923,,1,,129.2410866,35.57188282
MA010120220802939869,꽃집,,G2,소매,G219,식물 소매,G21901,꽃집,L68112,비주거용 건물 임대업,31,울산광역시,31200,북구,31200560,효문동,3120012100,진장동,3.12001E+18,1,대지,201,1,울산광역시 북구 진장동 201-1,3.12004E+11,울산광역시 북구 진장1길,12,,3.12001E+24,,울산광역시 북구 진장1길 12,683360,44251,,,,129.358313,35.56932101
MA010120220803064194,그란,,G2,소매,G219,식물 소매,G21901,꽃집,G47851,화초 및 식물 소매업,31,울산광역시,31140,남구,31140560,달동,3114010500,달동,3.11401E+18,1,대지,650,1,울산광역시 남구 달동 650-1,3.11404E+11,울산광역시 남구 중앙로156번길,38,,3.11401E+24,,울산광역시 남구 중앙로156번길 38,680802,44693,,1,,129.318181,35.53601273
MA010120220803117135,내안에너의꽃,,G2,소매,G219,식물 소매,G21901,꽃집,G47851,화초 및 식물 소매업,31,울산광역시,31200,북구,31200570,송정동,3120012500,화봉동,3.12001E+18,1,대지,1008,,울산광역시 북구 화봉동 1008,3.12004E+11,울산광역시 북구 안기번득길,14,2,3.12001E+24,,울산광역시 북구 안기번득길 14-2,683410,44238,,,,129.3577026,35.58686736
MA010120220803290215,프롬피오니,,G2,소매,G219,식물 소매,G21901,꽃집,G47851,화초 및 식물 소매업,31,울산광역시,31140,남구,31140600,옥동,3114010200,옥동,3.11401E+18,1,대지,591,5,울산광역시 남구 옥동 591-5,3.11404E+11,울산광역시 남구 법대로95번길,10,,3.11401E+24,좌측,울산광역시 남구 법대로95번길 10,680845,44645,,1,,129.288796,35.53578133
MA010120220803350726,이온,,G2,소매,G219,식물 소매,G21901,꽃집,G47851,화초 및 식물 소매업,31,울산광역시,31140,남구,31140540,신정4동,3114010400,신정동,3.11401E+18,1,대지,946,4,울산광역시 남구 신정동 946-4,3.11403E+11,울산광역시 남구 신남로,46,,3.11401E+24,,울산광역시 남구 신남로 46,680830,44743,,,,129.3142007,35.52562786
MA010120220803420908,피오랑,,G2,소매,G219,식물 소매,G21901,꽃집,G47851,화초 및 식물 소매업,31,울산광역시,31140,남구,31140595,무거동,3114010100,무거동,3.11401E+18,1,대지,582,9,울산광역시 남구 무거동 582-9,3.11403E+11,울산광역시 남구 대학로,43,,3.11401E+24,,울산광역시 남구 대학로 43,680808,44616,,1,,129.2566522,35.53977543
MA010120220803421018,비엠플라워,,G2,소매,G219,식물 소매,G21901,꽃집,G47851,화초 및 식물 소매업,31,울산광역시,31110,중구,31110555,복산동,3111010300,복산동,3.11101E+18,1,대지,318,3,울산광역시 중구 복산동 318-3,3.11104E+11,울산광역시 중구 손골2길,2,,3.11101E+24,,울산광역시 중구 손골2길 2,681825,44430,,,,129.3274504,35.56531673
MA010120220803411270,바이올렛가든,,G2,소매,G219,식물 소매,G21901,꽃집,G47851,화초 및 식물 소매업,31,울산광역시,31200,북구,31200540,강동동,3120011800,산하동,3.12001E+18,1,대지,976,12,울산광역시 북구 산하동 976-12,3.12003E+11,울산광역시 북구 산하중앙1로,108,,3.12001E+24,,울산광역시 북구 산하중앙1로 108,683260,44264,,1,,129.4393076,35.63376285
MA010120220803697589,수봉꽃조경,,G2,소매,G219,식물 소매,G21901,꽃집,G47851,화초 및 식물 소매업,31,울산광역시,31200,북구,31200510,농소1동,3120010100,창평동,3.12001E+18,1,대지,1026,1,울산광역시 북구 창평동 1026-1,3.12003E+11,울산광역시 북구 산업로,1278,19,3.12001E+24,,울산광역시 북구 산업로 1278-19,683810,44231,,,,129.3548421,35.61685607
MA010120220803863976,썸데이플라워,,G2,소매,G219,식물 소매,G21901,꽃집,G47851,화초 및 식물 소매업,31,울산광역시,31710,울주군,31710253,언양읍,3171025331,언양읍,3.17103E+18,1,대지,169,1,울산광역시 울주군 언양읍 서부리 169-1,3.17104E+11,울산광역시 울주군 언양읍 헌양길,140,,3.17103E+24,,울산광역시 울주군 언양읍 헌양길 140,689806,44942,,,,129.1191588,35.56636651
MA010120220804370367,달빛애,,G2,소매,G219,식물 소매,G21901,꽃집,G47851,화초 및 식물 소매업,31,울산광역시,31140,남구,31140560,달동,3114010500,달동,3.11401E+18,1,대지,1407,2,울산광역시 남구 달동 1407-2,3.11404E+11,울산광역시 남구 중앙로128번길,23,,3.11401E+24,,울산광역시 남구 중앙로128번길 23,680803,44722,,,,129.3176024,35.53352791
MA010120220804312282,본마망,,G2,소매,G219,식물 소매,G21901,꽃집,G47851,화초 및 식물 소매업,31,울산광역시,31710,울주군,31710310,서생면,3171031021,서생면,3.17103E+18,1,대지,327,8,울산광역시 울주군 서생면 신암리 327-8,3.17104E+11,울산광역시 울주군 서생면 신리길,108,,3.17103E+24,,울산광역시 울주군 서생면 신리길 108,689882,45014,,,,129.3210442,35.34575002
MA010120220804555593,가원플라워,,G2,소매,G219,식물 소매,G21901,꽃집,G47851,화초 및 식물 소매업,31,울산광역시,31140,남구,31140530,신정3동,3114010400,신정동,3.11401E+18,1,대지,463,1,울산광역시 남구 신정동 463-1,3.11404E+11,울산광역시 남구 중앙로296번길,7,,3.11401E+24,제일,울산광역시 남구 중앙로296번길 7,680824,44679,,1,,129.310822,35.54770566
MA010120220804607280,아일랜드플라워,,G2,소매,G219,식물 소매,G21901,꽃집,G47851,화초 및 식물 소매업,31,울산광역시,31710,울주군,31710253,언양읍,3171025330,언양읍,3.17103E+18,1,대지,340,4,울산광역시 울주군 언양읍 동부리 340-4,3.17103E+11,울산광역시 울주군 언양읍 읍성로,73,,3.17103E+24,,울산광역시 울주군 언양읍 읍성로 73,689804,44943,,1,,129.1182454,35.56978872
MA010120220804725263,진양유기산업,,G2,소매,G219,식물 소매,G21901,꽃집,G47851,화초 및 식물 소매업,31,울산광역시,31710,울주군,31710253,언양읍,3171025332,언양읍,3.17103E+18,1,대지,121,2,울산광역시 울주군 언양읍 남부리 121-2,3.17102E+11,울산광역시 울주군 언양읍 반구대로,811,2,3.17103E+24,,울산광역시 울주군 언양읍 반구대로 811-2,689802,44946,,,,129.1267049,35.56271028
MA010120220804810047,그린야드,,G2,소매,G219,식물 소매,G21901,꽃집,G47851,화초 및 식물 소매업,31,울산광역시,31110,중구,31110610,다운동,3111011100,태화동,3.11101E+18,1,대지,712,1,울산광역시 중구 태화동 712-1,3.11104E+11,울산광역시 중구 오산2길,96,,3.11101E+24,코너,울산광역시 중구 오산2길 96,681802,44437,,1,,129.2909489,35.5529418
MA010120220804907616,천사플라워,,G2,소매,G219,식물 소매,G21901,꽃집,G47851,화초 및 식물 소매업,31,울산광역시,31170,동구,31170530,화정동,3117010200,화정동,3.11701E+18,1,대지,650,29,울산광역시 동구 화정동 650-29,3.11704E+11,울산광역시 동구 해수욕장1길,54,,3.11701E+24,씨에스오션빌라,울산광역시 동구 해수욕장1길 54,682822,44057,,1,,129.4273975,35.49301854
MA010120220804887028,꽃;마음담다,,G2,소매,G219,식물 소매,G21901,꽃집,G47851,화초 및 식물 소매업,31,울산광역시,31200,북구,31200570,송정동,3120012600,송정동,3.12001E+18,1,대지,1235,4,울산광역시 북구 송정동 1235-4,3.12003E+11,울산광역시 북구 박상진11로,1,,3.12001E+24,인터메디타워,울산광역시 북구 박상진11로 1,683410,44236,,1,,129.3638115,35.60029937
MA010120220804937557,딜라잇플라워,,G2,소매,G219,식물 소매,G21901,꽃집,G47851,화초 및 식물 소매업,31,울산광역시,31200,북구,31200560,효문동,3120012200,연암동,3.12001E+18,1,대지,403,5,울산광역시 북구 연암동 403-5,3.12003E+11,울산광역시 북구 상방로,126,,3.12001E+24,,울산광역시 북구 상방로 126,683805,44243,,1,,129.365831,35.58607727
MA010120220805027794,렝보타닉라운지,,G2,소매,G219,식물 소매,G21901,꽃집,G47851,화초 및 식물 소매업,31,울산광역시,31140,남구,31140560,달동,3114010500,달동,3.11401E+18,1,대지,1408,4,울산광역시 남구 달동 1408-4,3.11404E+11,울산광역시 남구 신정로33번길,21,,3.11401E+24,,울산광역시 남구 신정로33번길 21,680803,44722,,1,,129.31896,35.53397035
MA010120220805128622,행복한꽃,,G2,소매,G219,식물 소매,G21901,꽃집,G47851,화초 및 식물 소매업,31,울산광역시,31200,북구,31200560,효문동,3120012200,연암동,3.12001E+18,1,대지,316,11,울산광역시 북구 연암동 316-11,3.12003E+11,울산광역시 북구 화봉로,186,,3.12001E+24,,울산광역시 북구 화봉로 186,683805,44244,,,,129.3668792,35.58121806
MA010120220805118415,천자만홍,,G2,소매,G219,식물 소매,G21901,꽃집,G47851,화초 및 식물 소매업,31,울산광역시,31200,북구,31200570,송정동,3120012500,화봉동,3.12001E+18,1,대지,1494,2,울산광역시 북구 화봉동 1494-2,3.12005E+11,울산광역시 북구 화산6길,2,,3.12001E+24,센트로M,울산광역시 북구 화산6길 2,683410,44236,,,,129.3675237,35.59710884
MA010120220805180918,범초분재야생화농원,,G2,소매,G219,식물 소매,G21901,꽃집,G47851,화초 및 식물 소매업,31,울산광역시,31710,울주군,31710340,웅촌면,3171034025,웅촌면,3.17103E+18,1,대지,1148,19,울산광역시 울주군 웅촌면 은현리 1148-19,3.17104E+11,울산광역시 울주군 웅촌면 다솔길,10,,3.17103E+24,,울산광역시 울주군 웅촌면 다솔길 10,689871,44965,,,,129.1658121,35.46148752
MA010120220805181037,계절담은꽃,,G2,소매,G219,식물 소매,G21901,꽃집,G47851,화초 및 식물 소매업,31,울산광역시,31140,남구,31140635,수암동,3114010800,야음동,3.11401E+18,1,대지,710,22,울산광역시 남구 야음동 710-22,3.11404E+11,울산광역시 남구 수암로116번길,53,,3.11401E+24,,울산광역시 남구 수암로116번길 53,680840,44749,,,,129.3200702,35.52391115
MA010120220805306923,플라벨,,G2,소매,G219,식물 소매,G21901,꽃집,G47851,화초 및 식물 소매업,31,울산광역시,31110,중구,31110640,약사동,3111011700,약사동,3.11101E+18,1,대지,619,22,울산광역시 중구 약사동 619-22,3.11104E+11,울산광역시 중구 평산1길,34,,3.11101E+24,해피빌,울산광역시 중구 평산1길 34,681430,44472,,1,,129.3398586,35.56917622
MA010120220805453999,스몰가든,,G2,소매,G219,식물 소매,G21901,꽃집,G47851,화초 및 식물 소매업,31,울산광역시,31710,울주군,31710265,삼남읍,3171026525,삼남읍,3.17103E+18,1,대지,304,2,울산광역시 울주군 삼남읍 가천리 304-2,3.17103E+11,울산광역시 울주군 삼남읍 자수정로,135,,3.17104E+24,,울산광역시 울주군 삼남읍 자수정로 135,689811,44953,,,,129.0959781,35.53845924
MA010120220805440960,동명꽃아트,,G2,소매,G219,식물 소매,G21901,꽃집,G47851,화초 및 식물 소매업,31,울산광역시,31110,중구,31110585,중앙동,3111010200,학산동,3.11101E+18,1,대지,47,9,울산광역시 중구 학산동 47-9,3.11104E+11,울산광역시 중구 구역전1길,26,,3.11101E+24,,울산광역시 중구 구역전1길 26,681200,44520,,,,129.3278258,35.55542488
MA010120220805534422,핀,,G2,소매,G219,식물 소매,G21901,꽃집,G47851,화초 및 식물 소매업,31,울산광역시,31140,남구,31140510,신정1동,3114010400,신정동,3.11401E+18,1,대지,1843,6,울산광역시 남구 신정동 1843-6,3.11403E+11,울산광역시 남구 거마로,99,,3.11401E+24,,울산광역시 남구 거마로 99,680849,44625,,1,,129.3012362,35.54059946
MA010120220805645539,플라워,데일리,G2,소매,G219,식물 소매,G21901,꽃집,G47851,화초 및 식물 소매업,31,울산광역시,31710,울주군,31710259,범서읍,3171025922,범서읍,3.17103E+18,1,대지,641,11,울산광역시 울주군 범서읍 천상리 641-11,3.17104E+11,울산광역시 울주군 범서읍 천상길,2,1,3.17103E+24,,울산광역시 울주군 범서읍 천상길 2-1,689855,44931,,,,129.2312472,35.56227974
MA010120220805707042,능소화플라워스튜디오,,G2,소매,G219,식물 소매,G21901,꽃집,G47851,화초 및 식물 소매업,31,울산광역시,31110,중구,31110590,우정동,3111010800,우정동,3.11101E+18,1,대지,500,5,울산광역시 중구 우정동 500-5,3.11104E+11,울산광역시 중구 종가6길,4,5,3.11101E+24,,울산광역시 중구 종가6길 4-5,681816,44542,,1,,129.3117172,35.56352013
MA010120220805737219,수빈꽃방,,G2,소매,G219,식물 소매,G21901,꽃집,G47851,화초 및 식물 소매업,31,울산광역시,31140,남구,31140510,신정1동,3114010400,신정동,3.11401E+18,1,대지,636,17,울산광역시 남구 신정동 636-17,3.11404E+11,울산광역시 남구 봉월로102번길,12,,3.11401E+24,,울산광역시 남구 봉월로102번길 12,680826,44670,,1,,129.307333,35.54176241
MA010120220805823110,진주플라워,,G2,소매,G219,식물 소매,G21901,꽃집,G47851,화초 및 식물 소매업,31,울산광역시,31200,북구,31200520,농소2동,3120010500,신천동,3.12001E+18,1,대지,507,1,울산광역시 북구 신천동 507-1,3.12003E+11,울산광역시 북구 호계로,430,,3.12001E+24,,울산광역시 북구 호계로 430,683803,44221,,,,129.3447239,35.63992204
MA010120220805968413,리플라워,,G2,소매,G219,식물 소매,G21901,꽃집,G47851,화초 및 식물 소매업,31,울산광역시,31200,북구,31200570,송정동,3120012600,송정동,3.12001E+18,1,대지,1165,3,울산광역시 북구 송정동 1165-3,3.12005E+11,울산광역시 북구 송정1길,5,,3.12001E+24,,울산광역시 북구 송정1길 5,683410,44236,,1,,129.3606085,35.60055141
MA010120220806433957,피어나,,G2,소매,G219,식물 소매,G21901,꽃집,G47851,화초 및 식물 소매업,31,울산광역시,31710,울주군,31710310,서생면,3171031023,서생면,3.17103E+18,1,대지,297,2,울산광역시 울주군 서생면 나사리 297-2,3.17103E+11,울산광역시 울주군 서생면 해맞이로,1075,6,3.17103E+24,,울산광역시 울주군 서생면 해맞이로 1075-6,689882,45015,,,,129.3408796,35.35816265
MA010120220806443935,이플,,G2,소매,G219,식물 소매,G21901,꽃집,G47851,화초 및 식물 소매업,31,울산광역시,31200,북구,31200570,송정동,3120012500,화봉동,3.12001E+18,1,대지,1448,4,울산광역시 북구 화봉동 1448-4,3.12004E+11,울산광역시 북구 화동15길,52,,3.12001E+24,,울산광역시 북구 화동15길 52,683410,44240,,1,,129.3702718,35.5926577
MA010120220806434414,이레조경산업,,G2,소매,G219,식물 소매,G21901,꽃집,G47851,화초 및 식물 소매업,31,울산광역시,31200,북구,31200530,농소3동,3120011000,시례동,3.12001E+18,1,대지,292,16,울산광역시 북구 시례동 292-16,3.12004E+11,울산광역시 북구 성혜3길,1,6,3.12001E+24,이레조경산업,울산광역시 북구 성혜3길 1-6,683800,44212,,,,129.3428764,35.5974286
MA010120220806731357,하이디의정원,,G2,소매,G219,식물 소매,G21901,꽃집,G47851,화초 및 식물 소매업,31,울산광역시,31710,울주군,31710259,범서읍,3171025924,범서읍,3.17103E+18,1,대지,353,,울산광역시 울주군 범서읍 굴화리 353,3.17104E+11,울산광역시 울주군 범서읍 굴화1길,7,44,3.17103E+24,굴화강변월드메르디앙,울산광역시 울주군 범서읍 굴화1길 7-44,689787,44933,,1,,129.2598468,35.55657465
MA010120220806675790,세라플라워,,G2,소매,G219,식물 소매,G21901,꽃집,G47851,화초 및 식물 소매업,31,울산광역시,31140,남구,31140570,삼산동,3114010600,삼산동,3.11401E+18,1,대지,1464,11,울산광역시 남구 삼산동 1464-11,3.11404E+11,울산광역시 남구 돋질로257번길,21,1,3.11401E+24,,울산광역시 남구 돋질로257번길 21-1,680814,44700,,,,129.3317728,35.54627493
MA010120220806886448,테라스플라워,,G2,소매,G219,식물 소매,G21901,꽃집,G47851,화초 및 식물 소매업,31,울산광역시,31170,동구,31170520,일산동,3117010300,일산동,3.11701E+18,1,대지,945,,울산광역시 동구 일산동 945,3.11702E+11,울산광역시 동구 방어진순환도로,652,,3.11701E+24,테라스파크,울산광역시 동구 방어진순환도로 652,682810,44056,,1,,129.4288376,35.4998645
MA010120220806846421,꽃길,,G2,소매,G219,식물 소매,G21901,꽃집,G47851,화초 및 식물 소매업,31,울산광역시,31110,중구,31110640,약사동,3111011700,약사동,3.11101E+18,1,대지,629,17,울산광역시 중구 약사동 629-17,3.11104E+11,울산광역시 중구 평산1길,2,,3.11101E+24,,울산광역시 중구 평산1길 2,681430,44472,,,,129.3412587,35.56764426
MA010120220806946720,인성플라워,,G2,소매,G219,식물 소매,G21901,꽃집,G47851,화초 및 식물 소매업,31,울산광역시,31110,중구,31110620,병영1동,3111011500,남외동,3.11101E+18,1,대지,999,17,울산광역시 중구 남외동 999-17,3.11104E+11,울산광역시 중구 해오름13길,48,,3.11101E+24,,울산광역시 중구 해오름13길 48,681800,44507,,1,,129.3445639,35.56337207
MA010120220807027171,플로르유,,G2,소매,G219,식물 소매,G21901,꽃집,G47851,화초 및 식물 소매업,31,울산광역시,31140,남구,31140625,대현동,3114010800,야음동,3.11401E+18,1,대지,693,10,울산광역시 남구 야음동 693-10,3.11403E+11,울산광역시 남구 수암로,159,1,3.11401E+24,,울산광역시 남구 수암로 159-1,680838,44736,,1,,129.3244249,35.526999
MA010120220807067237,피아모르플라워,,G2,소매,G219,식물 소매,G21901,꽃집,G47851,화초 및 식물 소매업,31,울산광역시,31710,울주군,31710310,서생면,3171031029,서생면,3.17103E+18,1,대지,847,6,울산광역시 울주군 서생면 화정리 847-6,3.17104E+11,울산광역시 울주군 서생면 윗술마길,18,12,3.17103E+24,,울산광역시 울주군 서생면 윗술마길 18-12,689883,45013,,,,129.309405,35.40197546
MA010120220807097287,유칼리식물상점,,G2,소매,G219,식물 소매,G21901,꽃집,G47851,화초 및 식물 소매업,31,울산광역시,31140,남구,31140530,신정3동,3114010400,신정동,3.11401E+18,1,대지,500,24,울산광역시 남구 신정동 500-24,3.11404E+11,울산광역시 남구 중앙로248번길,25,,3.11401E+24,,울산광역시 남구 중앙로248번길 25,680824,44683,,1,,129.3137696,35.54362136
MA010120220807210022,여정플라워앤커피,,G2,소매,G219,식물 소매,G21901,꽃집,G47851,화초 및 식물 소매업,31,울산광역시,31110,중구,31110590,우정동,3111010800,우정동,3.11101E+18,1,대지,436,77,울산광역시 중구 우정동 436-77,3.11104E+11,울산광역시 중구 우정6길,17,,3.11101E+24,,울산광역시 중구 우정6길 17,681816,44461,,1,,129.3120541,35.55989141
MA010120220807224077,숙이네꽃집,,G2,소매,G219,식물 소매,G21901,꽃집,G47851,화초 및 식물 소매업,31,울산광역시,31110,중구,31110620,병영1동,3111011500,남외동,3.11101E+18,1,대지,335,9,울산광역시 중구 남외동 335-9,3.11104E+11,울산광역시 중구 곽남16길,6,2,3.11101E+24,,울산광역시 중구 곽남16길 6-2,681801,44492,,,,129.3438449,35.56972947
MA010120220807296829,너는나의꽃,,G2,소매,G219,식물 소매,G21901,꽃집,G47851,화초 및 식물 소매업,31,울산광역시,31200,북구,31200570,송정동,3120012500,화봉동,3.12001E+18,1,대지,1516,6,울산광역시 북구 화봉동 1516-6,3.12005E+11,울산광역시 북구 화산3길,13,,3.12001E+24,,울산광역시 북구 화산3길 13,683410,44236,,1,,129.3714029,35.59696946
MA010120220807904586,난가,,G2,소매,G219,식물 소매,G21901,꽃집,G47851,화초 및 식물 소매업,31,울산광역시,31140,남구,31140600,옥동,3114010300,두왕동,3.11401E+18,1,대지,125,,울산광역시 남구 두왕동 125,3.11403E+11,울산광역시 남구 남부순환도로,576,,3.11401E+24,,울산광역시 남구 남부순환도로 576,680843,44776,,,,129.3014816,35.51600466
MA010120220807905153,월봉식물원,,G2,소매,G219,식물 소매,G21901,꽃집,G47851,화초 및 식물 소매업,31,울산광역시,31170,동구,31170530,화정동,3117010200,화정동,3.11701E+18,1,대지,647,41,울산광역시 동구 화정동 647-41,3.11703E+11,울산광역시 동구 월봉로,65,,3.11701E+24,,울산광역시 동구 월봉로 65,682822,44076,,,,129.4252414,35.49386385
MA010120220808032775,지니어스플라워,,G2,소매,G219,식물 소매,G21901,꽃집,G47851,화초 및 식물 소매업,31,울산광역시,31110,중구,31110585,중앙동,3111010600,성남동,3.11101E+18,1,대지,219,119,울산광역시 중구 성남동 219-119,3.11104E+11,울산광역시 중구 젊음의2거리,29,,3.11101E+24,지니어스플라워성남동웰컴시티,울산광역시 중구 젊음의2거리 29,681812,44532,,2,,129.319792,35.5532821
MA010120220808044937,다인,코리아,G2,소매,G219,식물 소매,G21901,꽃집,G47851,화초 및 식물 소매업,31,울산광역시,31110,중구,31110585,중앙동,3111010600,성남동,3.11101E+18,1,대지,190,239,울산광역시 중구 성남동 190-239,3.11104E+11,울산광역시 중구 중앙3길,6,,3.11101E+24,성남프라자,울산광역시 중구 중앙3길 6,681812,44529,,,,129.3175561,35.55451452
MA010120220808132869,고유식물,,G2,소매,G219,식물 소매,G21901,꽃집,G47851,화초 및 식물 소매업,31,울산광역시,31110,중구,31110600,태화동,3111011000,유곡동,3.11101E+18,1,대지,486,5,울산광역시 중구 유곡동 486-5,3.11104E+11,울산광역시 중구 종가2길,28,,3.11101E+24,,울산광역시 중구 종가2길 28,681819,44539,,1,,129.2943618,35.55856259
MA010120220808182649,뜰애꽃,,G2,소매,G219,식물 소매,G21901,꽃집,G47851,화초 및 식물 소매업,31,울산광역시,31200,북구,31200570,송정동,3120012600,송정동,3.12001E+18,1,대지,1178,2,울산광역시 북구 송정동 1178-2,3.12003E+11,울산광역시 북구 박상진6로,7,,3.12001E+24,,울산광역시 북구 박상진6로 7,683410,44236,,,,129.3607437,35.59952156
MA010120220808262438,그린가든,,G2,소매,G219,식물 소매,G21901,꽃집,G47851,화초 및 식물 소매업,31,울산광역시,31710,울주군,31710256,온양읍,3171025622,온양읍,3.17103E+18,1,대지,233,21,울산광역시 울주군 온양읍 대안리 233-21,3.17103E+11,울산광역시 울주군 온양읍 온양로,190,5,3.17103E+24,,울산광역시 울주군 온양읍 온양로 190-5,689903,44976,,1,,129.2914135,35.40828344
MA010120220808232386,행복한꽃집,,G2,소매,G219,식물 소매,G21901,꽃집,G46204,화훼류 및 식물 도매업,31,울산광역시,31710,울주군,31710259,범서읍,3171025922,범서읍,3.17103E+18,1,대지,607,4,울산광역시 울주군 범서읍 천상리 607-4,3.17104E+11,울산광역시 울주군 범서읍 천상3길,10,7,3.17103E+24,,울산광역시 울주군 범서읍 천상3길 10-7,689855,44928,,4,,129.2269257,35.56312559
MA010120220808373216,꽃;이음,,G2,소매,G219,식물 소매,G21901,꽃집,G47851,화초 및 식물 소매업,31,울산광역시,31140,남구,31140520,신정2동,3114010400,신정동,3.11401E+18,1,대지,1633,3,울산광역시 남구 신정동 1633-3,3.11404E+11,울산광역시 남구 문수로410번길,22,,3.11401E+24,,울산광역시 남구 문수로410번길 22,680833,44664,,1,,129.2971647,35.53236028
MA010120220808323153,문수정원,,G2,소매,G219,식물 소매,G21901,꽃집,G47851,화초 및 식물 소매업,31,울산광역시,31140,남구,31140520,신정2동,3114010400,신정동,3.11401E+18,1,대지,693,16,울산광역시 남구 신정동 693-16,3.11403E+11,울산광역시 남구 돋질로,44,,3.11401E+24,융진빌딩,울산광역시 남구 돋질로 44,680828,44676,,4,,129.3105903,35.53732985
MA010120220808594596,에덴동산,,G2,소매,G219,식물 소매,G21901,꽃집,G47851,화초 및 식물 소매업,31,울산광역시,31710,울주군,31710310,서생면,3171031029,서생면,3.17103E+18,1,대지,724,,울산광역시 울주군 서생면 화정리 724,3.17103E+11,울산광역시 울주군 서생면 위양로,536,,3.17103E+24,,울산광역시 울주군 서생면 위양로 536,689883,45013,,,,129.312702,35.399119
MA010120220808638858,피우밍,,G2,소매,G219,식물 소매,G21901,꽃집,G47851,화초 및 식물 소매업,31,울산광역시,31710,울주군,31710259,범서읍,3171025930,범서읍,3.17103E+18,1,대지,145,3,울산광역시 울주군 범서읍 척과리 145-3,3.17103E+11,울산광역시 울주군 범서읍 척과로,365,,3.17103E+24,,울산광역시 울주군 범서읍 척과로 365,689854,44917,,,,129.2563661,35.6345011
MA010120220808803356,브릴플라워,,G2,소매,G219,식물 소매,G21901,꽃집,G47851,화초 및 식물 소매업,31,울산광역시,31140,남구,31140570,삼산동,3114010500,달동,3.11401E+18,1,대지,1364,1,울산광역시 남구 달동 1364-1,3.11403E+11,울산광역시 남구 삼산로,231,,3.11401E+24,울산센트럴자이,울산광역시 남구 삼산로 231,680805,44707,,1,,129.3326712,35.53885084
MA010120220808793222,플루메리아플라워,,G2,소매,G219,식물 소매,G21901,꽃집,G47851,화초 및 식물 소매업,31,울산광역시,31200,북구,31200510,농소1동,3120010500,신천동,3.12001E+18,1,대지,820,1,울산광역시 북구 신천동 820-1,3.12003E+11,울산광역시 북구 매산1로,17,,3.12001E+24,,울산광역시 북구 매산1로 17,683803,44224,,1,,129.3557714,35.63498491
MA010120220808795836,만화조경농원,,G2,소매,G219,식물 소매,G21901,꽃집,G47851,화초 및 식물 소매업,31,울산광역시,31710,울주군,31710360,두동면,3171036021,두동면,3.17104E+18,1,대지,123,,울산광역시 울주군 두동면 만화리 123,3.17104E+11,울산광역시 울주군 두동면 흙사랑길,23,,3.17104E+24,,울산광역시 울주군 두동면 흙사랑길 23,689842,44916,,,,129.2349238,35.65681494
MA010120220809010264,몽아미플레르,,G2,소매,G219,식물 소매,G21901,꽃집,G47851,화초 및 식물 소매업,31,울산광역시,31140,남구,31140570,삼산동,3114010600,삼산동,3.11401E+18,1,대지,1506,9,울산광역시 남구 삼산동 1506-9,3.11404E+11,울산광역시 남구 왕생로154번길,14,,3.11401E+24,,울산광역시 남구 왕생로154번길 14,680814,44696,,1,,129.329381,35.54706005
MA010120220809010309,해피플라워,,G2,소매,G219,식물 소매,G21901,꽃집,G47851,화초 및 식물 소매업,31,울산광역시,31140,남구,31140570,삼산동,3114010500,달동,3.11401E+18,1,대지,1343,11,울산광역시 남구 달동 1343-11,3.11404E+11,울산광역시 남구 돋질로206번길,18,1,3.11401E+24,,울산광역시 남구 돋질로206번길 18-1,680805,44703,,1,,129.328459,35.53995949
MA010120220809010384,묘화꽃,,G2,소매,G219,식물 소매,G21901,꽃집,G47851,화초 및 식물 소매업,31,울산광역시,31200,북구,31200520,농소2동,3120010600,중산동,3.12001E+18,1,대지,1277,1,울산광역시 북구 중산동 1277-1,3.12003E+11,울산광역시 북구 중산서로,19,,3.12001E+24,,울산광역시 북구 중산서로 19,683450,44213,,1,,129.3485335,35.65392206
MA010120220809289802,벨르제플라워,,G2,소매,G219,식물 소매,G21901,꽃집,G47851,화초 및 식물 소매업,31,울산광역시,31200,북구,31200520,농소2동,3120010300,매곡동,3.12001E+18,1,대지,966,,울산광역시 북구 매곡동 966,3.12003E+11,울산광역시 북구 신천로,103,,3.12001E+24,매곡에듀파크에일린의뜰,울산광역시 북구 신천로 103,683420,44215,,2,,129.3515885,35.64704153
MA010120220809546678,꽃에마음을담다,,G2,소매,G219,식물 소매,G21901,꽃집,G47851,화초 및 식물 소매업,31,울산광역시,31200,북구,31200520,농소2동,3120010600,중산동,3.12001E+18,1,대지,1287,5,울산광역시 북구 중산동 1287-5,3.12003E+11,울산광역시 북구 중산로,24,,3.12001E+24,,울산광역시 북구 중산로 24,683450,44213,,1,,129.3513952,35.65287504
MA010120220809639010,플라워수니,,G2,소매,G219,식물 소매,G21901,꽃집,G47851,화초 및 식물 소매업,31,울산광역시,31200,북구,31200540,강동동,3120011800,산하동,3.12001E+18,1,대지,1016,1,울산광역시 북구 산하동 1016-1,3.12003E+11,울산광역시 북구 강동산하3로,37,,3.12001E+24,,울산광역시 북구 강동산하3로 37,683260,44264,,,,129.4364836,35.62945006
MA010120220809693668,제이아쿠아,,G2,소매,G219,식물 소매,G21901,꽃집,G47851,화초 및 식물 소매업,31,울산광역시,31170,동구,31170540,대송동,3117010200,화정동,3.11701E+18,1,대지,157,20,울산광역시 동구 화정동 157-20,3.11704E+11,울산광역시 동구 대송10길,19,,3.11701E+24,화이트빌,울산광역시 동구 대송10길 19,682824,44062,,1,,129.4217578,35.50040336
MA010120220809754869,디어숲,,G2,소매,G219,식물 소매,G21901,꽃집,G47851,화초 및 식물 소매업,31,울산광역시,31110,중구,31110600,태화동,3111011000,유곡동,3.11101E+18,1,대지,473,3,울산광역시 중구 유곡동 473-3,3.11104E+11,울산광역시 중구 종가5길,78,4,3.11101E+24,,울산광역시 중구 종가5길 78-4,681819,44539,,,,129.2950972,35.55960283
MA010120220809749247,솔루플라워,,G2,소매,G219,식물 소매,G21901,꽃집,G47851,화초 및 식물 소매업,31,울산광역시,31140,남구,31140600,옥동,3114010200,옥동,3.11401E+18,1,대지,1386,,울산광역시 남구 옥동 1386,3.11404E+11,울산광역시 남구 문수로369번길,38,,3.11401E+24,도성타운,울산광역시 남구 문수로369번길 38,680844,44648,,,,129.2950706,35.53778855
MA010120220809929761,백홈,,G2,소매,G219,식물 소매,G21901,꽃집,G47851,화초 및 식물 소매업,31,울산광역시,31140,남구,31140560,달동,3114010500,달동,3.11401E+18,1,대지,569,8,울산광역시 남구 달동 569-8,3.11403E+11,울산광역시 남구 돋질로,164,1,3.11401E+24,,울산광역시 남구 돋질로 164-1,680801,44695,,1,,129.3236049,35.54060282
MA010120220810038325,오늘;꽃,,G2,소매,G219,식물 소매,G21901,꽃집,G47851,화초 및 식물 소매업,31,울산광역시,31140,남구,31140540,신정4동,3114010400,신정동,3.11401E+18,1,대지,852,94,울산광역시 남구 신정동 852-94,3.11404E+11,울산광역시 남구 수암로115번길,16,6,3.11401E+24,,울산광역시 남구 수암로115번길 16-6,680831,44739,,1,,129.321231,35.52938529
MA010120220810078245,채움아트꽃방,,G2,소매,G219,식물 소매,G21901,꽃집,G47851,화초 및 식물 소매업,31,울산광역시,31140,남구,31140595,무거동,3114010100,무거동,3.11401E+18,1,대지,844,11,울산광역시 남구 무거동 844-11,3.11404E+11,울산광역시 남구 대학로121번길,48,,3.11401E+24,,울산광역시 남구 대학로121번길 48,680809,44608,,1,,129.256435,35.54776301
MA010120220810058849,필녹,,G2,소매,G219,식물 소매,G21901,꽃집,G47851,화초 및 식물 소매업,31,울산광역시,31710,울주군,31710380,상북면,3171038023,상북면,3.17104E+18,1,대지,488,18,울산광역시 울주군 상북면 산전리 488-18,3.17104E+11,울산광역시 울주군 상북면 도동길,1,,3.17104E+24,,울산광역시 울주군 상북면 도동길 1,689821,44902,,1,,129.0943632,35.59205786
MA010120220810160995,이즈플라워,,G2,소매,G219,식물 소매,G21901,꽃집,G47851,화초 및 식물 소매업,31,울산광역시,31200,북구,31200580,양정동,3120012400,양정동,3.12001E+18,1,대지,733,1,울산광역시 북구 양정동 733-1,3.12003E+11,울산광역시 북구 염포로,587,,3.12001E+24,,울산광역시 북구 염포로 587,683380,44260,,1,,129.3869659,35.53926556
MA010120220810257670,소브스플라워,,G2,소매,G219,식물 소매,G21901,꽃집,G47851,화초 및 식물 소매업,31,울산광역시,31200,북구,31200570,송정동,3120012600,송정동,3.12001E+18,1,대지,1231,1,울산광역시 북구 송정동 1231-1,3.12003E+11,울산광역시 북구 박상진13로,20,,3.12001E+24,이니트타워,울산광역시 북구 박상진13로 20,683410,44236,,,,129.3640553,35.60258324
MA010120220810267739,플로리스트유란,,G2,소매,G219,식물 소매,G21901,꽃집,G47851,화초 및 식물 소매업,31,울산광역시,31140,남구,31140570,삼산동,3114010600,삼산동,3.11401E+18,1,대지,1548,3,울산광역시 남구 삼산동 1548-3,3.11404E+11,울산광역시 남구 돋질로302번길,11,,3.11401E+24,,울산광역시 남구 돋질로302번길 11,680816,44705,,1,,129.3377663,35.54309523
MA010120220810337898,장미꽃화원,,G2,소매,G219,식물 소매,G21901,꽃집,G47851,화초 및 식물 소매업,31,울산광역시,31140,남구,31140520,신정2동,3114010400,신정동,3.11401E+18,1,대지,1211,11,울산광역시 남구 신정동 1211-11,3.11403E+11,울산광역시 남구 봉월로,20,,3.11401E+24,,울산광역시 남구 봉월로 20,680828,44677,,1,,129.3070763,35.53434255
MA010120220810307787,헵시바,,G2,소매,G219,식물 소매,G21901,꽃집,G47851,화초 및 식물 소매업,31,울산광역시,31170,동구,31170510,방어동,3117010100,방어동,3.11701E+18,1,대지,1100,8,울산광역시 동구 방어동 1100-8,3.11704E+11,울산광역시 동구 문재2가길,3,,3.11701E+24,로얄가든,울산광역시 동구 문재2가길 3,682806,44094,,1,,129.4152835,35.48620657
MA010120220810346078,앤플라워,,G2,소매,G219,식물 소매,G21901,꽃집,G47851,화초 및 식물 소매업,31,울산광역시,31710,울주군,31710259,범서읍,3171025927,범서읍,3.17103E+18,1,대지,408,17,울산광역시 울주군 범서읍 구영리 408-17,3.17103E+11,울산광역시 울주군 범서읍 구영로,201,,3.17103E+24,,울산광역시 울주군 범서읍 구영로 201,689852,44922,,1,,129.2475435,35.56653633
MA010120220810397926,해야,,G2,소매,G219,식물 소매,G21901,꽃집,G47851,화초 및 식물 소매업,31,울산광역시,31200,북구,31200540,강동동,3120011900,어물동,3.12001E+18,1,대지,214,7,울산광역시 북구 어물동 214-7,3.12003E+11,울산광역시 북구 동해안로,762,,3.12001E+24,,울산광역시 북구 동해안로 762,683290,44235,,,,129.4523436,35.5734627
MA010120220810581544,고로쇠플라워&공방,,G2,소매,G219,식물 소매,G21901,꽃집,G47851,화초 및 식물 소매업,31,울산광역시,31140,남구,31140550,신정5동,3114010400,신정동,3.11401E+18,1,대지,153,11,울산광역시 남구 신정동 153-11,3.11404E+11,울산광역시 남구 신정로106번길,35,,3.11401E+24,,울산광역시 남구 신정로106번길 35,680821,44687,,,,129.3235916,35.54205378
MA010120220810575727,라렌플레르,,G2,소매,G219,식물 소매,G21901,꽃집,G47851,화초 및 식물 소매업,31,울산광역시,31140,남구,31140570,삼산동,3114010600,삼산동,3.11401E+18,1,대지,1469,9,울산광역시 남구 삼산동 1469-9,3.11404E+11,울산광역시 남구 돋질로261번길,6,3,3.11401E+24,,울산광역시 남구 돋질로261번길 6-3,680814,44700,,1,,129.3334141,35.54432391
MA010120220810599437,늘품화원,,G2,소매,G219,식물 소매,G21901,꽃집,G47851,화초 및 식물 소매업,31,울산광역시,31110,중구,31110630,병영2동,3111011400,서동,3.11101E+18,1,대지,602,5,울산광역시 중구 서동 602-5,3.11104E+11,울산광역시 중구 종가17길,24,11,3.11101E+24,,울산광역시 중구 종가17길 24-11,681290,44547,,,,129.3388816,35.58071064
MA010120220810881073,테라리움숲,,G2,소매,G219,식물 소매,G21901,꽃집,G47851,화초 및 식물 소매업,31,울산광역시,31710,울주군,31710360,두동면,3171036022,두동면,3.17104E+18,1,대지,679,1,울산광역시 울주군 두동면 구미리 679-1,3.17104E+11,울산광역시 울주군 두동면 대밀2길,7,,3.17104E+24,,울산광역시 울주군 두동면 대밀2길 7,689841,44915,,,,129.2018246,35.65522632
MA010120220811038745,꽃과커피,,G2,소매,G219,식물 소매,G21901,꽃집,G47851,화초 및 식물 소매업,31,울산광역시,31140,남구,31140510,신정1동,3114010400,신정동,3.11401E+18,1,대지,618,5,울산광역시 남구 신정동 618-5,3.11403E+11,울산광역시 남구 중앙로,249,,3.11401E+24,,울산광역시 남구 중앙로 249,680826,44671,,,,129.3107073,35.54294124
MA010120220811040289,플라워라운지,,G2,소매,G219,식물 소매,G21901,꽃집,G47851,화초 및 식물 소매업,31,울산광역시,31110,중구,31110650,성안동,3111010900,성안동,3.11101E+18,1,대지,514,10,울산광역시 중구 성안동 514-10,3.11104E+11,울산광역시 중구 성안2길,1,,3.11101E+24,,울산광역시 중구 성안2길 1,681300,44420,,1,,129.3151585,35.57312242
MA010120220811040471,연지꽃화원,,G2,소매,G219,식물 소매,G21901,꽃집,G47851,화초 및 식물 소매업,31,울산광역시,31140,남구,31140595,무거동,3114010100,무거동,3.11401E+18,1,대지,927,6,울산광역시 남구 무거동 927-6,3.11403E+11,울산광역시 남구 신복로,81,,3.11401E+24,남운아파트,울산광역시 남구 신복로 81,680808,44609,,1,,129.2535291,35.54911493
MA010120220811036182,친환경21세기체험마을,,G2,소매,G219,식물 소매,G21901,꽃집,G47851,화초 및 식물 소매업,31,울산광역시,31710,울주군,31710310,서생면,3171031026,서생면,3.17103E+18,1,대지,368,,울산광역시 울주군 서생면 용리 368,3.17104E+11,울산광역시 울주군 서생면 용리길,93,43,3.17103E+24,,울산광역시 울주군 서생면 용리길 93-43,689882,45014,,1,,129.3163595,35.36039246
MA010120220811033793,사랑꽃집,,G2,소매,G219,식물 소매,G21901,꽃집,G47851,화초 및 식물 소매업,31,울산광역시,31140,남구,31140625,대현동,3114010800,야음동,3.11401E+18,1,대지,664,12,울산광역시 남구 야음동 664-12,3.11403E+11,울산광역시 남구 수암로,211,,3.11401E+24,,울산광역시 남구 수암로 211,680838,44735,,,,129.3300628,35.52604317
MA010120220811012608,남창조경,,G2,소매,G219,식물 소매,G21901,꽃집,G47851,화초 및 식물 소매업,31,울산광역시,31710,울주군,31710256,온양읍,3171025629,온양읍,3.17103E+18,1,대지,54,12,울산광역시 울주군 온양읍 운화리 54-12,3.17104E+11,울산광역시 울주군 온양읍 대운길,35,,3.17103E+24,,울산광역시 울주군 온양읍 대운길 35,689905,44973,,,,129.2812685,35.41307111
MA010120220811015224,그린시티산업＆파크플라워,,G2,소매,G219,식물 소매,G21901,꽃집,G47851,화초 및 식물 소매업,31,울산광역시,31200,북구,31200510,농소1동,3120010100,창평동,3.12001E+18,1,대지,1216,2,울산광역시 북구 창평동 1216-2,3.12003E+11,울산광역시 북구 산업로,1189,,3.12001E+24,,울산광역시 북구 산업로 1189,683810,44238,,,,129.3527996,35.60476792
MA010120220811059656,울산화훼유통협동조합,,G2,소매,G219,식물 소매,G21901,꽃집,G47851,화초 및 식물 소매업,31,울산광역시,31200,북구,31200570,송정동,3120012500,화봉동,3.12001E+18,1,대지,1161,5,울산광역시 북구 화봉동 1161-5,3.12003E+11,울산광역시 북구 북부순환도로,1149,,3.12001E+24,화봉화훼단지,울산광역시 북구 북부순환도로 1149,683410,44238,,,,129.3558016,35.58109279
MA010120220811058582,리향플라워주,,G2,소매,G219,식물 소매,G21901,꽃집,G47851,화초 및 식물 소매업,31,울산광역시,31140,남구,31140570,삼산동,3114010600,삼산동,3.11401E+18,1,대지,1525,1,울산광역시 남구 삼산동 1525-1,3.11404E+11,울산광역시 남구 삼산로277번길,6,2,3.11401E+24,현정빌딩,울산광역시 남구 삼산로277번길 6-2,680816,44705,,5,,129.3373409,35.53983264
MA010120220811005284,상북조경꽃식물원,,G2,소매,G219,식물 소매,G21901,꽃집,G47851,화초 및 식물 소매업,31,울산광역시,31710,울주군,31710380,상북면,3171038032,상북면,3.17104E+18,1,대지,143,7,울산광역시 울주군 상북면 향산리 143-7,3.17103E+11,울산광역시 울주군 상북면 상북로,51,,3.17104E+24,,울산광역시 울주군 상북면 상북로 51,689825,44903,,,,129.1054074,35.57441108
MA010120220811005717,영플라워,,G2,소매,G219,식물 소매,G21901,꽃집,G47851,화초 및 식물 소매업,31,울산광역시,31140,남구,31140560,달동,3114010500,달동,3.11401E+18,1,대지,954,2,울산광역시 남구 달동 954-2,3.11404E+11,울산광역시 남구 신정로37번길,30,8,3.11401E+24,,울산광역시 남구 신정로37번길 30-8,680804,44722,,,,129.3189542,35.53491658
MA010120220810991221,광희꽃식물광고기획,,G2,소매,G219,식물 소매,G21901,꽃집,G47851,화초 및 식물 소매업,31,울산광역시,31140,남구,31140600,옥동,3114010200,옥동,3.11401E+18,1,대지,1386,,울산광역시 남구 옥동 1386,3.11404E+11,울산광역시 남구 문수로369번길,38,,3.11401E+24,도성타운,울산광역시 남구 문수로369번길 38,680844,44648,,2,,129.2950706,35.53778855
MA010120220811684083,오솔길농원,,G2,소매,G219,식물 소매,G21901,꽃집,G47851,화초 및 식물 소매업,31,울산광역시,31710,울주군,31710253,언양읍,3171025331,언양읍,3.17103E+18,1,대지,154,1,울산광역시 울주군 언양읍 서부리 154-1,3.17104E+11,울산광역시 울주군 언양읍 헌양길,124,4,3.17103E+24,,울산광역시 울주군 언양읍 헌양길 124-4,689806,44942,,,,129.1201628,35.56596138
MA010120220811917943,플라워#153,,G2,소매,G219,식물 소매,G21901,꽃집,G47851,화초 및 식물 소매업,31,울산광역시,31140,남구,31140520,신정2동,3114010400,신정동,3.11401E+18,1,대지,1637,15,울산광역시 남구 신정동 1637-15,3.11404E+11,울산광역시 남구 문수로445번길,17,,3.11401E+24,,울산광역시 남구 문수로445번길 17,680833,44655,,1,,129.3019184,35.53476555
MA010120220811857612,달빛꽃화원,,G2,소매,G219,식물 소매,G21901,꽃집,G47851,화초 및 식물 소매업,31,울산광역시,31110,중구,31110630,병영2동,3111011400,서동,3.11101E+18,1,대지,35,7,울산광역시 중구 서동 35-7,3.11104E+11,울산광역시 중구 동천4길,48,,3.11101E+24,,울산광역시 중구 동천4길 48,681290,44481,,1,,129.3462001,35.58279393
MA010120220811811408,배베,,G2,소매,G219,식물 소매,G21901,꽃집,G47851,화초 및 식물 소매업,31,울산광역시,31140,남구,31140560,달동,3114010500,달동,3.11401E+18,1,대지,577,29,울산광역시 남구 달동 577-29,3.11404E+11,울산광역시 남구 번영로163번길,12,,3.11401E+24,,울산광역시 남구 번영로163번길 12,680801,44695,,1,,129.3249153,35.53940617
MA010120220811767895,그린오아시스,,G2,소매,G219,식물 소매,G21901,꽃집,G47851,화초 및 식물 소매업,31,울산광역시,31110,중구,31110520,반구1동,3111011800,반구동,3.11101E+18,1,대지,770,12,울산광역시 중구 반구동 770-12,3.11104E+11,울산광역시 중구 내황2길,27,,3.11101E+24,,울산광역시 중구 내황2길 27,681806,44505,,1,,129.3432696,35.55338654
MA010120220811825894,수화림,,G2,소매,G219,식물 소매,G21901,꽃집,G47851,화초 및 식물 소매업,31,울산광역시,31200,북구,31200540,강동동,3120011100,무룡동,3.12001E+18,1,대지,198,,울산광역시 북구 무룡동 198,3.12003E+11,울산광역시 북구 무룡로,993,7,3.12001E+24,,울산광역시 북구 무룡로 993-7,683250,44234,,1,,129.4351653,35.60818546
MA010120220811644580,하젤플라워,,G2,소매,G219,식물 소매,G21901,꽃집,G47851,화초 및 식물 소매업,31,울산광역시,31140,남구,31140635,수암동,3114010800,야음동,3.11401E+18,1,대지,878,,울산광역시 남구 야음동 878,3.11403E+11,울산광역시 남구 신선로,45,,3.11401E+24,롯데캐슬골드1단지,울산광역시 남구 신선로 45,680796,44747,,1,,129.3172841,35.52208151
MA010120220811545930,흙&꽃이야기분수조경,,G2,소매,G219,식물 소매,G21901,꽃집,G47851,화초 및 식물 소매업,31,울산광역시,31710,울주군,31710259,범서읍,3171025924,범서읍,3.17103E+18,1,대지,48,5,울산광역시 울주군 범서읍 굴화리 48-5,3.17104E+11,울산광역시 울주군 범서읍 굴화2길,11,11,3.17103E+24,,울산광역시 울주군 범서읍 굴화2길 11-11,689853,44933,,,,129.2612937,35.55470031
MA010120220811545009,꽃피우다;봄,,G2,소매,G219,식물 소매,G21901,꽃집,G47851,화초 및 식물 소매업,31,울산광역시,31140,남구,31140570,삼산동,3114010600,삼산동,3.11401E+18,1,대지,1546,19,울산광역시 남구 삼산동 1546-19,3.11403E+11,울산광역시 남구 삼산중로,116,,3.11401E+24,,울산광역시 남구 삼산중로 116,680816,44705,,,,129.3362977,35.54377246
MA010120220811546961,르자뎅플라워,,G2,소매,G219,식물 소매,G21901,꽃집,G47851,화초 및 식물 소매업,31,울산광역시,31710,울주군,31710259,범서읍,3171025927,범서읍,3.17103E+18,1,대지,411,1,울산광역시 울주군 범서읍 구영리 411-1,3.17103E+11,울산광역시 울주군 범서읍 대리로,98,,3.17103E+24,,울산광역시 울주군 범서읍 대리로 98,689852,44922,,,,129.2492825,35.56641377
MA010120220811547116,본본스플라워,,G2,소매,G219,식물 소매,G21901,꽃집,G47851,화초 및 식물 소매업,31,울산광역시,31110,중구,31110600,태화동,3111011100,태화동,3.11101E+18,1,대지,453,15,울산광역시 중구 태화동 453-15,3.11104E+11,울산광역시 중구 신기2길,31,,3.11101E+24,,울산광역시 중구 신기2길 31,681819,44457,,,,129.2936795,35.55009656
MA010120220811547727,세영생화꽃,,G2,소매,G219,식물 소매,G21901,꽃집,G47851,화초 및 식물 소매업,31,울산광역시,31110,중구,31110585,중앙동,3111010500,옥교동,3.11101E+18,1,대지,120,2,울산광역시 중구 옥교동 120-2,3.11103E+11,울산광역시 중구 번영로,329,,3.11101E+24,중앙시장,울산광역시 중구 번영로 329,681190,44531,,1,,129.3232078,35.55473008
MA010120220811516356,명정꽃화원,,G2,소매,G219,식물 소매,G21901,꽃집,G47851,화초 및 식물 소매업,31,울산광역시,31110,중구,31110600,태화동,3111011100,태화동,3.11101E+18,1,대지,451,10,울산광역시 중구 태화동 451-10,3.11104E+11,울산광역시 중구 신기9길,37,,3.11101E+24,,울산광역시 중구 신기9길 37,681819,44457,,,,129.2949127,35.55081196
MA010120220811531905,옥이랑꽃이랑,,G2,소매,G219,식물 소매,G21901,꽃집,G47851,화초 및 식물 소매업,31,울산광역시,31200,북구,31200560,효문동,3120012100,진장동,3.12001E+18,1,대지,282,1,울산광역시 북구 진장동 282-1,3.12003E+11,울산광역시 북구 진장유통로,90,,3.12001E+24,,울산광역시 북구 진장유통로 90,683360,44248,,,,129.3587547,35.57911578
MA010120220811532128,태양농원,,G2,소매,G219,식물 소매,G21901,꽃집,G47851,화초 및 식물 소매업,31,울산광역시,31110,중구,31110585,중앙동,3111010200,학산동,3.11101E+18,1,대지,75,5,울산광역시 중구 학산동 75-5,3.11103E+11,울산광역시 중구 번영로,360,,3.11101E+24,,울산광역시 중구 번영로 360,681200,44519,,,,129.3267358,35.55700476
MA010120220811521044,꽃나래꽃디자인,,G2,소매,G219,식물 소매,G21901,꽃집,G47851,화초 및 식물 소매업,31,울산광역시,31170,동구,31170560,전하2동,3117010400,전하동,3.11701E+18,1,대지,650,11,울산광역시 동구 전하동 650-11,3.11704E+11,울산광역시 동구 진성10길,87,,3.11701E+24,,울산광역시 동구 진성10길 87,682816,44044,,,,129.428176,35.50899638
MA010120220811530910,시티화훼조경,,G2,소매,G219,식물 소매,G21901,꽃집,G47851,화초 및 식물 소매업,31,울산광역시,31200,북구,31200510,농소1동,3120010100,창평동,3.12001E+18,1,대지,1199,2,울산광역시 북구 창평동 1199-2,3.12003E+11,울산광역시 북구 산업로,1201,,3.12001E+24,,울산광역시 북구 산업로 1201,683810,44231,,,,129.3523091,35.60648048
MA010120220811564189,한농연울산화훼매장,,G2,소매,G219,식물 소매,G21901,꽃집,G47851,화초 및 식물 소매업,31,울산광역시,31200,북구,31200560,효문동,3120012100,진장동,3.12001E+18,1,대지,282,1,울산광역시 북구 진장동 282-1,3.12003E+11,울산광역시 북구 진장유통로,90,,3.12001E+24,울산농산물유통센터,울산광역시 북구 진장유통로 90,683360,44248,,,,129.3587547,35.57911578
MA010120220812006977,상천시골농원,,G2,소매,G219,식물 소매,G21901,꽃집,G47851,화초 및 식물 소매업,31,울산광역시,31710,울주군,31710265,삼남읍,3171026522,삼남읍,3.17103E+18,1,대지,509,3,울산광역시 울주군 삼남읍 상천리 509-3,3.17104E+11,울산광역시 울주군 삼남읍 상천마을1길,7,,3.17104E+24,,울산광역시 울주군 삼남읍 상천마을1길 7,689814,44954,,,,129.1056647,35.5201692
MA010120220812386714,플라워리브리즈,,G2,소매,G219,식물 소매,G21901,꽃집,G47851,화초 및 식물 소매업,31,울산광역시,31140,남구,31140585,삼호동,3114010100,무거동,3.11401E+18,1,대지,270,6,울산광역시 남구 무거동 270-6,3.11403E+11,울산광역시 남구 울밀로,2889,,3.11401E+24,,울산광역시 남구 울밀로 2889,680806,44620,,1,,129.2639173,35.55584948
MA010120220812391508,화담하다,,G2,소매,G219,식물 소매,G21901,꽃집,G47851,화초 및 식물 소매업,31,울산광역시,31140,남구,31140600,옥동,3114010200,옥동,3.11401E+18,1,대지,127,1,울산광역시 남구 옥동 127-1,3.11404E+11,울산광역시 남구 대공원로99번길,12,,3.11401E+24,그랜드파크,울산광역시 남구 대공원로99번길 12,680843,44664,,1,,129.2952,35.53110918
MA010120220812365225,로앤로더아뜰리에,,G2,소매,G219,식물 소매,G21901,꽃집,G47851,화초 및 식물 소매업,31,울산광역시,31140,남구,31140520,신정2동,3114010400,신정동,3.11401E+18,1,대지,1120,8,울산광역시 남구 신정동 1120-8,3.11403E+11,울산광역시 남구 대공원로,209,,3.11401E+24,,울산광역시 남구 대공원로 209,680832,44667,,1,,129.3040515,35.5303366
MA010120220812534812,수경꽃농원,,G2,소매,G219,식물 소매,G21901,꽃집,G47851,화초 및 식물 소매업,31,울산광역시,31140,남구,31140640,선암동,3114010900,선암동,3.11401E+18,1,대지,600,10,울산광역시 남구 선암동 600-10,3.11403E+11,울산광역시 남구 두왕로,177,,3.11401E+24,,울산광역시 남구 두왕로 177,680819,44668,,,,129.3106601,35.51900987
MA010120220812540388,꽃차리미,,G2,소매,G219,식물 소매,G21901,꽃집,G47851,화초 및 식물 소매업,31,울산광역시,31110,중구,31110620,병영1동,3111011500,남외동,3.11101E+18,1,대지,997,16,울산광역시 중구 남외동 997-16,3.11104E+11,울산광역시 중구 해오름5길,14,2,3.11101E+24,,울산광역시 중구 해오름5길 14-2,681800,44507,,2,,129.3448161,35.56445744
MA010120220812405357,꽃집;오월그리고작은책방,,G2,소매,G219,식물 소매,G21901,꽃집,G47851,화초 및 식물 소매업,31,울산광역시,31140,남구,31140550,신정5동,3114010400,신정동,3.11401E+18,1,대지,134,9,울산광역시 남구 신정동 134-9,3.11404E+11,울산광역시 남구 월평로168번길,21,,3.11401E+24,,울산광역시 남구 월평로168번길 21,680821,44687,,1,,129.3241994,35.54324948
MA010120220812425579,화이트맨션,,G2,소매,G219,식물 소매,G21901,꽃집,G47851,화초 및 식물 소매업,31,울산광역시,31140,남구,31140595,무거동,3114010100,무거동,3.11401E+18,1,대지,627,7,울산광역시 남구 무거동 627-7,3.11404E+11,울산광역시 남구 대학로76번길,13,,3.11401E+24,좌측두번째상가,울산광역시 남구 대학로76번길 13,680808,44611,,1,,129.2602642,35.54120354
MA010120220812654874,멜로우가든,,G2,소매,G219,식물 소매,G21901,꽃집,G47851,화초 및 식물 소매업,31,울산광역시,31200,북구,31200510,농소1동,3120010200,호계동,3.12001E+18,1,대지,1011,5,울산광역시 북구 호계동 1011-5,3.12003E+11,울산광역시 북구 호계매곡1로,66,,3.12001E+24,,울산광역시 북구 호계매곡1로 66,683400,44225,,,,129.3631718,35.63404696
MA010120220812664082,조은다육,,G2,소매,G219,식물 소매,G21901,꽃집,G47851,화초 및 식물 소매업,31,울산광역시,31710,울주군,31710253,언양읍,3171025322,언양읍,3.17103E+18,1,대지,293,,울산광역시 울주군 언양읍 반천리 293,3.17104E+11,울산광역시 울주군 언양읍 샘소4길,26,,3.17103E+24,,울산광역시 울주군 언양읍 샘소4길 26,689805,44936,,,,129.1819555,35.55462201
MA010120220813239206,이꽃을너에게,,G2,소매,G219,식물 소매,G21901,꽃집,G47851,화초 및 식물 소매업,31,울산광역시,31200,북구,31200510,농소1동,3120010300,매곡동,3.12001E+18,1,대지,227,1,울산광역시 북구 매곡동 227-1,3.12003E+11,울산광역시 북구 호계매곡1로,1,,3.12001E+24,,울산광역시 북구 호계매곡1로 1,683420,44225,,,,129.3619622,35.63907147
MA010120220813037883,덕원식물원,,G2,소매,G219,식물 소매,G21901,꽃집,G47851,화초 및 식물 소매업,31,울산광역시,31710,울주군,31710259,범서읍,3171025927,범서읍,3.17103E+18,1,대지,304,2,울산광역시 울주군 범서읍 구영리 304-2,3.17103E+11,울산광역시 울주군 범서읍 대리로,122,,3.17103E+24,,울산광역시 울주군 범서읍 대리로 122,689852,44925,,,,129.2483273,35.56459341
MA010120220812981848,블루스완,,G2,소매,G219,식물 소매,G21901,꽃집,G47851,화초 및 식물 소매업,31,울산광역시,31110,중구,31110590,우정동,3111010800,우정동,3.11101E+18,1,대지,511,3,울산광역시 중구 우정동 511-3,3.11104E+11,울산광역시 중구 종가6길,7,,3.11101E+24,혁신더테라스,울산광역시 중구 종가6길 7,681816,44542,,1,,129.3128059,35.56379659
MA010120220813103344,꽃의편지,,G2,소매,G219,식물 소매,G21901,꽃집,G47851,화초 및 식물 소매업,31,울산광역시,31110,중구,31110630,병영2동,3111011400,서동,3.11101E+18,1,대지,44,9,울산광역시 중구 서동 44-9,3.11103E+11,울산광역시 중구 북부순환도로,863,,3.11101E+24,,울산광역시 중구 북부순환도로 863,681290,44481,,,,129.3442554,35.5807864
MA010120220812949061,꽃쁨,,G2,소매,G219,식물 소매,G21901,꽃집,G47851,화초 및 식물 소매업,31,울산광역시,31200,북구,31200560,효문동,3120012200,연암동,3.12001E+18,1,대지,294,12,울산광역시 북구 연암동 294-12,3.12004E+11,울산광역시 북구 연암2길,71,,3.12001E+24,해오름,울산광역시 북구 연암2길 71,683805,44245,,,,129.3704205,35.58535631
MA010120220812904131,무드무이,,G2,소매,G219,식물 소매,G21901,꽃집,G47851,화초 및 식물 소매업,31,울산광역시,31140,남구,31140560,달동,3114010500,달동,3.11401E+18,1,대지,569,8,울산광역시 남구 달동 569-8,3.11403E+11,울산광역시 남구 돋질로,164,1,3.11401E+24,,울산광역시 남구 돋질로 164-1,680801,44695,,1,,129.3236049,35.54060282
MA010120220812819460,새마을개발,,G2,소매,G219,식물 소매,G21901,꽃집,G47851,화초 및 식물 소매업,31,울산광역시,31710,울주군,31710250,온산읍,3171025032,온산읍,3.17103E+18,1,대지,1356,5,울산광역시 울주군 온산읍 덕신리 1356-5,3.17104E+11,울산광역시 울주군 온산읍 영남5길,7,17,3.17103E+24,사루비아,울산광역시 울주군 온산읍 영남5길 7-17,689894,45002,,1,,129.3066395,35.43930597
MA010120220813298747,유월의목련,,G2,소매,G219,식물 소매,G21901,꽃집,G47851,화초 및 식물 소매업,31,울산광역시,31110,중구,31110610,다운동,3111011200,다운동,3.11101E+18,1,대지,569,2,울산광역시 중구 다운동 569-2,3.11104E+11,울산광역시 중구 구루미3길,7,,3.11101E+24,,울산광역시 중구 구루미3길 7,681803,44407,,,,129.2716351,35.55816417
MA010120220813358196,동아꽃화원,,G2,소매,G219,식물 소매,G21901,꽃집,G47851,화초 및 식물 소매업,31,울산광역시,31710,울주군,31710250,온산읍,3171025032,온산읍,3.17103E+18,1,대지,1310,5,울산광역시 울주군 온산읍 덕신리 1310-5,3.17103E+11,울산광역시 울주군 온산읍 덕신로,291,,3.17103E+24,,울산광역시 울주군 온산읍 덕신로 291,689894,45001,,1,,129.3132579,35.43434051
MA010120220812743666,플라워스튜디오무이,,G2,소매,G219,식물 소매,G21901,꽃집,G47851,화초 및 식물 소매업,31,울산광역시,31140,남구,31140600,옥동,3114010200,옥동,3.11401E+18,1,대지,139,,울산광역시 남구 옥동 139,3.11404E+11,울산광역시 남구 대공원로115번길,7,,3.11401E+24,남동쪽,울산광역시 남구 대공원로115번길 7,680843,44664,,1,,129.2958146,35.53062892
MA010120220813763601,꽃동네,,G2,소매,G219,식물 소매,G21901,꽃집,G47851,화초 및 식물 소매업,31,울산광역시,31110,중구,31110600,태화동,3111011100,태화동,3.11101E+18,1,대지,36,15,울산광역시 중구 태화동 36-15,3.11103E+11,울산광역시 중구 태화로,297,1,3.11101E+24,,울산광역시 중구 태화로 297-1,681818,44452,,,,129.307444,35.55409584
MA010120220813734837,울산원예문화센터,,G2,소매,G219,식물 소매,G21901,꽃집,G47851,화초 및 식물 소매업,31,울산광역시,31110,중구,31110530,반구2동,3111011800,반구동,3.11101E+18,1,대지,254,,울산광역시 중구 반구동 254,3.11103E+11,울산광역시 중구 화합로,390,,3.11101E+24,,울산광역시 중구 화합로 390,681805,44514,,2,,129.3395407,35.56052326
MA010120220813556686,플라워데이,,G2,소매,G219,식물 소매,G21901,꽃집,G47851,화초 및 식물 소매업,31,울산광역시,31140,남구,31140570,삼산동,3114010600,삼산동,3.11401E+18,1,대지,1530,23,울산광역시 남구 삼산동 1530-23,3.11404E+11,울산광역시 남구 강남로318번길,4,,3.11401E+24,,울산광역시 남구 강남로318번길 4,680817,44709,,1,,129.3433641,35.54716742
MA010120220813467120,플라워바이제이,,G2,소매,G219,식물 소매,G21901,꽃집,G47851,화초 및 식물 소매업,31,울산광역시,31170,동구,31170540,대송동,3117010200,화정동,3.11701E+18,1,대지,142,3,울산광역시 동구 화정동 142-3,3.11703E+11,울산광역시 동구 학문로,43,,3.11701E+24,,울산광역시 동구 학문로 43,682824,44064,,,,129.424385,35.50312578
MA010120220813527032,꽃작업소하나코히,,G2,소매,G219,식물 소매,G21901,꽃집,G47851,화초 및 식물 소매업,31,울산광역시,31140,남구,31140540,신정4동,3114010400,신정동,3.11401E+18,1,대지,859,29,울산광역시 남구 신정동 859-29,3.11404E+11,울산광역시 남구 중앙로48번길,7,3,3.11401E+24,,울산광역시 남구 중앙로48번길 7-3,680831,44748,,,,129.3180021,35.52634776
MA010120220813493957,대하조경,,G2,소매,G219,식물 소매,G21901,꽃집,G47851,화초 및 식물 소매업,31,울산광역시,31200,북구,31200510,농소1동,3120010200,호계동,3.12001E+18,1,대지,943,16,울산광역시 북구 호계동 943-16,3.12003E+11,울산광역시 북구 산업로,1374,,3.12001E+24,,울산광역시 북구 산업로 1374,683813,44228,,,,129.3500024,35.62794336
MA010120220813939596,하나로꽃집,,G2,소매,G219,식물 소매,G21901,꽃집,G47851,화초 및 식물 소매업,31,울산광역시,31140,남구,31140520,신정2동,3114010400,신정동,3.11401E+18,1,대지,1631,,울산광역시 남구 신정동 1631,3.11403E+11,울산광역시 남구 문수로,406,,3.11401E+24,,울산광역시 남구 문수로 406,680833,44664,,,,129.2976616,35.53354923
MA010120220813397814,희플라위,,G2,소매,G219,식물 소매,G21901,꽃집,G47851,화초 및 식물 소매업,31,울산광역시,31140,남구,31140595,무거동,3114010100,무거동,3.11401E+18,1,대지,1532,1,울산광역시 남구 무거동 1532-1,3.11404E+11,울산광역시 남구 신복로22번길,28,,3.11401E+24,현대프리빌,울산광역시 남구 신복로22번길 28,680812,44603,,1,,129.2593997,35.55086123
MA010120220813392203,모이스블룸,,G2,소매,G219,식물 소매,G21901,꽃집,G47851,화초 및 식물 소매업,31,울산광역시,31200,북구,31200540,강동동,3120011900,어물동,3.12001E+18,1,대지,1354,,울산광역시 북구 어물동 1354,3.12003E+11,울산광역시 북구 동해안로,772,,3.12001E+24,,울산광역시 북구 동해안로 772,683290,44235,,1,,129.4523593,35.57433638
MA010120220814317336,소래화,,G2,소매,G219,식물 소매,G21901,꽃집,G47851,화초 및 식물 소매업,31,울산광역시,31110,중구,31110650,성안동,3111010900,성안동,3.11101E+18,1,대지,860,1,울산광역시 중구 성안동 860-1,3.11104E+11,울산광역시 중구 함월3길,31,,3.11101E+24,,울산광역시 중구 함월3길 31,681300,44424,,1,,129.3047752,35.57563722
MA0101202209A0056683,모월모일,,G2,소매,G219,식물 소매,G21901,꽃집,G47851,화초 및 식물 소매업,31,울산광역시,31140,남구,31140570,삼산동,3114010500,달동,3.11401E+18,1,대지,1347,4,울산광역시 남구 달동 1347-4,3.11404E+11,울산광역시 남구 돋질로220번길,21,,3.11401E+24,,울산광역시 남구 돋질로220번길 21,680805,44703,,1,,129.3302203,35.54024984
MA0101202209A0066989,라보로Lavoro,,G2,소매,G219,식물 소매,G21901,꽃집,G47851,화초 및 식물 소매업,31,울산광역시,31110,중구,31110555,복산동,3111010300,복산동,3.11101E+18,1,대지,185,5,울산광역시 중구 복산동 185-5,3.11103E+11,울산광역시 중구 화합로,494,,3.11101E+24,,울산광역시 중구 화합로 494,681809,44475,,,,129.332866,35.56801429
MA0101202209A0020610,꽃크로플,,G2,소매,G219,식물 소매,G21901,꽃집,G47851,화초 및 식물 소매업,31,울산광역시,31200,북구,31200510,농소1동,3120010200,호계동,3.12001E+18,1,대지,268,6,울산광역시 북구 호계동 268-6,3.12003E+11,울산광역시 북구 동대중앙로,34,,3.12001E+24,,울산광역시 북구 동대중앙로 34,683812,44227,,2,,129.3543689,35.62931775
MA010120220814198331,오브플라워,,G2,소매,G219,식물 소매,G21901,꽃집,G47851,화초 및 식물 소매업,31,울산광역시,31710,울주군,31710259,범서읍,3171025924,범서읍,3.17103E+18,1,대지,31,4,울산광역시 울주군 범서읍 굴화리 31-4,3.17103E+11,울산광역시 울주군 범서읍 울밀로,2872,,3.17103E+24,,울산광역시 울주군 범서읍 울밀로 2872,689853,44933,,,,129.2617891,35.55624086
MA010120220814099596,리프유플라워,,G2,소매,G219,식물 소매,G21901,꽃집,G47851,화초 및 식물 소매업,31,울산광역시,31200,북구,31200510,농소1동,3120010200,호계동,3.12001E+18,1,대지,936,64,울산광역시 북구 호계동 936-64,3.12004E+11,울산광역시 북구 호계7길,3,1,3.12001E+24,,울산광역시 북구 호계7길 3-1,683813,44225,,1,,129.3542003,35.6246987
MA010120220814128932,앤화원,,G2,소매,G219,식물 소매,G21901,꽃집,G47851,화초 및 식물 소매업,31,울산광역시,31710,울주군,31710262,청량읍,3171026224,청량읍,3.17103E+18,1,대지,581,,울산광역시 울주군 청량읍 개곡리 581,3.17104E+11,울산광역시 울주군 청량읍 진곡3길,38,21,3.17103E+24,,울산광역시 울주군 청량읍 진곡3길 38-21,689861,44982,,,,129.2770498,35.51178298
MA010120220814146011,힐링디자인,,G2,소매,G219,식물 소매,G21901,꽃집,G47851,화초 및 식물 소매업,31,울산광역시,31140,남구,31140585,삼호동,3114010100,무거동,3.11401E+18,1,대지,1265,2,울산광역시 남구 무거동 1265-2,3.11404E+11,울산광역시 남구 삼호로207번길,8,,3.11401E+24,,울산광역시 남구 삼호로207번길 8,680811,44638,,,,129.2870403,35.54654638
MA0101202210A0084359,푸른분재원,,G2,소매,G219,식물 소매,G21901,꽃집,G47851,화초 및 식물 소매업,31,울산광역시,31200,북구,31200510,농소1동,3120010100,창평동,3.12001E+18,1,대지,1147,3,울산광역시 북구 창평동 1147-3,3.12003E+11,울산광역시 북구 산업로,1232,,3.12001E+24,,울산광역시 북구 산업로 1232,683810,44231,,,,129.3520812,35.61037745
MA0101202210A0040731,꽃을담다,,G2,소매,G219,식물 소매,G21901,꽃집,G47851,화초 및 식물 소매업,31,울산광역시,31170,동구,31170530,화정동,3117010200,화정동,3.11701E+18,1,대지,649,16,울산광역시 동구 화정동 649-16,3.11703E+11,울산광역시 동구 월봉로,73,,3.11701E+24,,울산광역시 동구 월봉로 73,682822,44077,,1,,129.4260633,35.49335174
MA0101202210A0065965,레인플라워,,G2,소매,G219,식물 소매,G21901,꽃집,G47851,화초 및 식물 소매업,31,울산광역시,31200,북구,31200520,농소2동,3120010600,중산동,3.12001E+18,1,대지,1321,2,울산광역시 북구 중산동 1321-2,3.12005E+11,울산광역시 북구 신기4길,31,,3.12001E+24,,울산광역시 북구 신기4길 31,683450,44215,,,,129.3541553,35.64911782
MA010120220814070047,예쁜꽃집,,G2,소매,G219,식물 소매,G21901,꽃집,G47851,화초 및 식물 소매업,31,울산광역시,31200,북구,31200530,농소3동,3120010700,상안동,3.12001E+18,1,대지,270,1,울산광역시 북구 상안동 270-1,3.12003E+11,울산광역시 북구 농서로,20,1,3.12001E+24,,울산광역시 북구 농서로 20-1,683480,44209,,,,129.3471632,35.62444863
MA0101202302A0075500,꽃집,,G2,소매,G219,식물 소매,G21901,꽃집,G47851,화초 및 식물 소매업,31,울산광역시,31140,남구,31140570,삼산동,3114010600,삼산동,3.11401E+18,1,대지,1558,8,울산광역시 남구 삼산동 1558-8,3.11403E+11,울산광역시 남구 정동로,89,,3.11401E+24,칸타워,울산광역시 남구 정동로 89,680817,44713,,1,,129.3439377,35.54187608
MA0101202302A0076349,오계절,,G2,소매,G219,식물 소매,G21901,꽃집,G47851,화초 및 식물 소매업,31,울산광역시,31710,울주군,31710360,두동면,3171036021,두동면,3.17104E+18,1,대지,105,49,울산광역시 울주군 두동면 만화리 105-49,3.17103E+11,울산광역시 울주군 두동면 박제상로,294,108,3.17104E+24,,울산광역시 울주군 두동면 박제상로 294-108,689842,44916,,,,129.237379,35.66487889
MA0101202301A0008943,매일;꽃,,G2,소매,G219,식물 소매,G21901,꽃집,G47851,화초 및 식물 소매업,31,울산광역시,31710,울주군,31710259,범서읍,3171025923,범서읍,3.17103E+18,1,대지,701,,울산광역시 울주군 범서읍 입암리 701,3.17104E+11,울산광역시 울주군 범서읍 입암길,84,,3.17103E+24,,울산광역시 울주군 범서읍 입암길 84,689853,44926,,,,129.2259002,35.57827362
MA0101202212C0018462,나무,,G2,소매,G219,식물 소매,G21901,꽃집,G47851,화초 및 식물 소매업,31,울산광역시,31140,남구,31140540,신정4동,3114010400,신정동,3.11401E+18,1,대지,775,6,울산광역시 남구 신정동 775-6,3.11404E+11,울산광역시 남구 수암로40번길,12,,3.11401E+24,,울산광역시 남구 수암로40번길 12,680830,44740,,,,129.3115252,35.53072515
MA0101202301A0109245,내니플레르,,G2,소매,G219,식물 소매,G21901,꽃집,G47851,화초 및 식물 소매업,31,울산광역시,31200,북구,31200540,강동동,3120011800,산하동,3.12001E+18,1,대지,1027,7,울산광역시 북구 산하동 1027-7,3.12003E+11,울산광역시 북구 산하중앙3로,11,,3.12001E+24,,울산광역시 북구 산하중앙3로 11,683260,44264,,,,129.4368991,35.62641421
MA0101202302A0026936,나봄꽃작업실,,G2,소매,G219,식물 소매,G21901,꽃집,G47851,화초 및 식물 소매업,31,울산광역시,31140,남구,31140570,삼산동,3114010600,삼산동,3.11401E+18,1,대지,178,7,울산광역시 남구 삼산동 178-7,3.11404E+11,울산광역시 남구 돋질로389번길,18,,3.11401E+24,,울산광역시 남구 돋질로389번길 18,680813,44710,,,,129.3478103,35.54575634
MA0101202301A0023562,무지개정원,,G2,소매,G219,식물 소매,G21901,꽃집,G47851,화초 및 식물 소매업,31,울산광역시,31110,중구,31110650,성안동,3111010900,성안동,3.11101E+18,1,대지,404,7,울산광역시 중구 성안동 404-7,3.11103E+11,울산광역시 중구 성안로,242,,3.11101E+24,도원오케이빌,울산광역시 중구 성안로 242,681300,44417,,1,,129.3213022,35.58040189
MA0101202212A0020454,이너프리즘,,G2,소매,G219,식물 소매,G21901,꽃집,G47851,화초 및 식물 소매업,31,울산광역시,31140,남구,31140570,삼산동,3114010600,삼산동,3.11401E+18,1,대지,1501,14,울산광역시 남구 삼산동 1501-14,3.11404E+11,울산광역시 남구 번영로246번길,12,,3.11401E+24,,울산광역시 남구 번영로246번길 12,680814,44696,,1,,129.3260369,35.54732287
MA0101202212A0006938,와이플라워,,G2,소매,G219,식물 소매,G21901,꽃집,G47851,화초 및 식물 소매업,31,울산광역시,31710,울주군,31710259,범서읍,3171025927,범서읍,3.17103E+18,1,대지,402,7,울산광역시 울주군 범서읍 구영리 402-7,3.17104E+11,울산광역시 울주군 범서읍 대리3길,20,,3.17103E+24,,울산광역시 울주군 범서읍 대리3길 20,689852,44922,,,,129.248687,35.56799275
MA0101202212A0021026,울산전문장례식장근조화환꽃집,,G2,소매,G219,식물 소매,G21901,꽃집,G47851,화초 및 식물 소매업,31,울산광역시,31140,남구,31140640,선암동,3114010900,선암동,3.11401E+18,1,대지,592,16,울산광역시 남구 선암동 592-16,3.11404E+11,울산광역시 남구 두왕로22번길,9,16,3.11401E+24,인하엔지니어링,울산광역시 남구 두왕로22번길 9-16,680819,44774,,2,,129.3100752,35.50591055
MA0101202212A0053371,스케치다육,,G2,소매,G219,식물 소매,G21901,꽃집,G47851,화초 및 식물 소매업,31,울산광역시,31200,북구,31200570,송정동,3120012500,화봉동,3.12001E+18,1,대지,1161,3,울산광역시 북구 화봉동 1161-3,3.12003E+11,울산광역시 북구 북부순환도로,1143,,3.12001E+24,,울산광역시 북구 북부순환도로 1143,683410,44238,,,,129.355173,35.58109607
MA0101202211A0087203,데이지,데일리,G2,소매,G219,식물 소매,G21901,꽃집,G47851,화초 및 식물 소매업,31,울산광역시,31200,북구,31200570,송정동,3120012500,화봉동,3.12001E+18,1,대지,447,7,울산광역시 북구 화봉동 447-7,3.12003E+11,울산광역시 북구 상방로,92,,3.12001E+24,,울산광역시 북구 상방로 92,683410,44241,,1,,129.3658098,35.5891052
MA0101202211A0088541,중앙꽃화원,,G2,소매,G219,식물 소매,G21901,꽃집,G47851,화초 및 식물 소매업,31,울산광역시,31140,남구,31140520,신정2동,3114010400,신정동,3.11401E+18,1,대지,1125,11,울산광역시 남구 신정동 1125-11,3.11403E+11,울산광역시 남구 문수로,472,,3.11401E+24,,울산광역시 남구 문수로 472,680832,44667,,,,129.3046457,35.53222649
MA0101202211A0073523,울산화환배달,,G2,소매,G219,식물 소매,G21901,꽃집,G47851,화초 및 식물 소매업,31,울산광역시,31200,북구,31200520,농소2동,3120010300,매곡동,3.12001E+18,1,대지,528,3,울산광역시 북구 매곡동 528-3,3.12003E+11,울산광역시 북구 매곡1로,15,1,3.12001E+24,해니비지니스센터,울산광역시 북구 매곡1로 15-1,683420,44220,,4,,129.3533618,35.64239354
MA0101202211A0099812,푸루티,,G2,소매,G219,식물 소매,G21901,꽃집,G47851,화초 및 식물 소매업,31,울산광역시,31110,중구,31110520,반구1동,3111011800,반구동,3.11101E+18,1,대지,879,4,울산광역시 중구 반구동 879-4,3.11104E+11,울산광역시 중구 반구정18길,12,,3.11101E+24,,울산광역시 중구 반구정18길 12,681808,44498,,1,,129.3482891,35.55990256
MA0101202303A0022696,동행꽃집,,G2,소매,G219,식물 소매,G21901,꽃집,G46204,화훼류 및 식물 도매업,31,울산광역시,31110,중구,31110620,병영1동,3111011500,남외동,3.11101E+18,1,대지,549,13,울산광역시 중구 남외동 549-13,3.11104E+11,울산광역시 중구 병영1길,4,,3.11101E+24,,울산광역시 중구 병영1길 4,681800,44494,,1,,129.3482863,35.57038186
MA0101202211A0031663,가든오브캄,,G2,소매,G219,식물 소매,G21901,꽃집,G47851,화초 및 식물 소매업,31,울산광역시,31140,남구,31140520,신정2동,3114010400,신정동,3.11401E+18,1,대지,1637,35,울산광역시 남구 신정동 1637-35,3.11404E+11,울산광역시 남구 문수로435번길,10,1,3.11401E+24,,울산광역시 남구 문수로435번길 10-1,680833,44655,,1,,129.3010684,35.53434025
MA0101202211A0048265,띵가바위솔,,G2,소매,G219,식물 소매,G21901,꽃집,G47851,화초 및 식물 소매업,31,울산광역시,31710,울주군,31710360,두동면,3171036028,두동면,3.17104E+18,1,대지,324,1,울산광역시 울주군 두동면 은편리 324-1,3.17103E+11,울산광역시 울주군 두동면 두동로,882,,3.17104E+24,,울산광역시 울주군 두동면 두동로 882,689842,44916,,,,129.2150924,35.64073701
MA0101202211A0046267,리미에르플라워,,G2,소매,G219,식물 소매,G21901,꽃집,G47851,화초 및 식물 소매업,31,울산광역시,31140,남구,31140595,무거동,3114010100,무거동,3.11401E+18,1,대지,855,4,울산광역시 남구 무거동 855-4,3.11403E+11,울산광역시 남구 대학로,129,1,3.11401E+24,,울산광역시 남구 대학로 129-1,680809,44607,,1,,129.261238,35.54643853
MA0101202306A0013320,선꽃집,,G2,소매,G219,식물 소매,G21901,꽃집,G47851,화초 및 식물 소매업,31,울산광역시,31200,북구,31200570,송정동,3120012600,송정동,3.12001E+18,1,대지,1200,6,울산광역시 북구 송정동 1200-6,3.12003E+11,울산광역시 북구 박상진10로,18,,3.12001E+24,,울산광역시 북구 박상진10로 18,683410,44236,,,,129.3603274,35.59736721
MA0101202306A0028251,헤세드플라워,,G2,소매,G219,식물 소매,G21901,꽃집,G47851,화초 및 식물 소매업,31,울산광역시,31200,북구,31200510,농소1동,3120010200,호계동,3.12001E+18,1,대지,886,8,울산광역시 북구 호계동 886-8,3.12003E+11,울산광역시 북구 호수중앙로,15,22,3.12001E+24,호계한양수자인2차,울산광역시 북구 호수중앙로 15-22,683813,44229,,5,,129.3576512,35.62195508
MA0101202305A0080598,라인플레르,,G2,소매,G219,식물 소매,G21901,꽃집,G47851,화초 및 식물 소매업,31,울산광역시,31200,북구,31200560,효문동,3120012000,명촌동,3.12001E+18,1,대지,849,1,울산광역시 북구 명촌동 849-1,3.12004E+11,울산광역시 북구 명촌10길,31,,3.12001E+24,라인플레르,울산광역시 북구 명촌10길 31,683360,44254,,,,129.3582148,35.55204979
MA0101202305A0091823,그린마운트,,G2,소매,G219,식물 소매,G21901,꽃집,G47851,화초 및 식물 소매업,31,울산광역시,31710,울주군,31710380,상북면,3171038034,상북면,3.17104E+18,1,대지,512,9,울산광역시 울주군 상북면 등억알프스리 512-9,3.17103E+11,울산광역시 울주군 상북면 알프스온천로,188,,3.17104E+24,,울산광역시 울주군 상북면 알프스온천로 188,689824,44952,,1,,129.0733186,35.55500798
MA0101202305A0184446,정플라워,,G2,소매,G219,식물 소매,G21901,꽃집,G47851,화초 및 식물 소매업,31,울산광역시,31170,동구,31170510,방어동,3117010100,방어동,3.11701E+18,1,대지,1137,3,울산광역시 동구 방어동 1137-3,3.11704E+11,울산광역시 동구 문재3길,40,,3.11701E+24,,울산광역시 동구 문재3길 40,682806,44098,,,,129.4172744,35.48426547
MA0101202305A0048383,토성도예예술촌,,G2,소매,G219,식물 소매,G21901,꽃집,G47851,화초 및 식물 소매업,31,울산광역시,31200,북구,31200540,강동동,3120011900,어물동,3.12001E+18,1,대지,911,2,울산광역시 북구 어물동 911-2,3.12004E+11,울산광역시 북구 황토전길,139,1,3.12001E+24,,울산광역시 북구 황토전길 139-1,683290,44235,,,,129.4314143,35.58085189
MA0101202305A0036798,가비채플라워,,G2,소매,G219,식물 소매,G21901,꽃집,G47851,화초 및 식물 소매업,31,울산광역시,31110,중구,31110650,성안동,3111010900,성안동,3.11101E+18,1,대지,857,7,울산광역시 중구 성안동 857-7,3.11104E+11,울산광역시 중구 함월12길,10,,3.11101E+24,신세계하우스,울산광역시 중구 함월12길 10,681300,44424,,,,129.3066561,35.57584451
MA0101202305A0032112,우리육묘장,,G2,소매,G219,식물 소매,G21901,꽃집,G47851,화초 및 식물 소매업,31,울산광역시,31710,울주군,31710253,언양읍,3171025332,언양읍,3.17103E+18,1,대지,108,1,울산광역시 울주군 언양읍 남부리 108-1,3.17103E+11,울산광역시 울주군 언양읍 언양로,3,,3.17103E+24,,울산광역시 울주군 언양읍 언양로 3,689802,44940,,1,,129.1280986,35.56370392
MA0101202303A0103898,수와헤,,G2,소매,G219,식물 소매,G21901,꽃집,G47851,화초 및 식물 소매업,31,울산광역시,31140,남구,31140595,무거동,3114010100,무거동,3.11401E+18,1,대지,836,17,울산광역시 남구 무거동 836-17,3.11404E+11,울산광역시 남구 신복로23번길,6,16,3.11401E+24,,울산광역시 남구 신복로23번길 6-16,680809,44607,,1,,129.2583529,35.54852905
MA0101202303A0091108,엘로디플라워,,G2,소매,G219,식물 소매,G21901,꽃집,G47851,화초 및 식물 소매업,31,울산광역시,31710,울주군,31710259,범서읍,3171025924,범서읍,3.17103E+18,1,대지,743,1,울산광역시 울주군 범서읍 굴화리 743-1,3.17104E+11,울산광역시 울주군 범서읍 장검길,46,,3.17103E+24,울산문수푸르지오,울산광역시 울주군 범서읍 장검길 46,689853,44932,,,,129.2532859,35.55460701
MA0101202303A0108198,식물이야기,,G2,소매,G219,식물 소매,G21901,꽃집,G47851,화초 및 식물 소매업,31,울산광역시,31140,남구,31140570,삼산동,3114010600,삼산동,3.11401E+18,1,대지,1546,19,울산광역시 남구 삼산동 1546-19,3.11403E+11,울산광역시 남구 삼산중로,116,,3.11401E+24,,울산광역시 남구 삼산중로 116,680816,44705,,,,129.3362977,35.54377246
MA0101202303A0112071,아리꽃아름답다,,G2,소매,G219,식물 소매,G21901,꽃집,G47851,화초 및 식물 소매업,31,울산광역시,31170,동구,31170510,방어동,3117010100,방어동,3.11701E+18,1,대지,435,4,울산광역시 동구 방어동 435-4,3.11704E+11,울산광역시 동구 북진5길,16,,3.11701E+24,,울산광역시 동구 북진5길 16,682803,44096,,,,129.4220673,35.48612458
MA0101202306A0097815,강변꽃플라워,,G2,소매,G219,식물 소매,G21901,꽃집,G47851,화초 및 식물 소매업,31,울산광역시,31710,울주군,31710259,범서읍,3171025927,범서읍,3.17103E+18,1,대지,263,5,울산광역시 울주군 범서읍 구영리 263-5,3.17103E+11,울산광역시 울주군 범서읍 대리로,136,,3.17103E+24,,울산광역시 울주군 범서읍 대리로 136,689852,44925,,,,129.2482598,35.5633602
MA0101202306A0095488,아이엔지플라워,,G2,소매,G219,식물 소매,G21901,꽃집,G47851,화초 및 식물 소매업,31,울산광역시,31140,남구,31140570,삼산동,3114010600,삼산동,3.11401E+18,1,대지,1530,23,울산광역시 남구 삼산동 1530-23,3.11404E+11,울산광역시 남구 강남로318번길,4,,3.11401E+24,,울산광역시 남구 강남로318번길 4,680817,44709,,,,129.3433641,35.54716742
MA0101202306A0084565,꽃달아,,G2,소매,G219,식물 소매,G21901,꽃집,G47851,화초 및 식물 소매업,31,울산광역시,31710,울주군,31710265,삼남읍,3171026523,삼남읍,3.17103E+18,1,대지,1606,7,울산광역시 울주군 삼남읍 신화리 1606-7,3.17104E+11,울산광역시 울주군 삼남읍 도호1길,12,,3.17104E+24,울산골드테라스타워,울산광역시 울주군 삼남읍 도호1길 12,689815,44951,,,,129.1421858,35.5481267
MA0101202303A0041656,페르세포네Persephone,,G2,소매,G219,식물 소매,G21901,꽃집,G47851,화초 및 식물 소매업,31,울산광역시,31110,중구,31110585,중앙동,3111010600,성남동,3.11101E+18,1,대지,3,2,울산광역시 중구 성남동 3-2,3.11104E+11,울산광역시 중구 문화의거리,35,,3.11101E+24,가장우측건물,울산광역시 중구 문화의거리 35,681812,44529,,,,129.321313,35.55670387
MA0101202303A0057797,이끼핀나무,,G2,소매,G219,식물 소매,G21901,꽃집,G47851,화초 및 식물 소매업,31,울산광역시,31140,남구,31140550,신정5동,3114010400,신정동,3.11401E+18,1,대지,265,17,울산광역시 남구 신정동 265-17,3.11403E+11,울산광역시 남구 팔등로,132,,3.11401E+24,,울산광역시 남구 팔등로 132,680846,44686,,1,,129.3205432,35.54721251
MA0101202303A0052367,연플로렛,,G2,소매,G219,식물 소매,G21901,꽃집,G47851,화초 및 식물 소매업,31,울산광역시,31110,중구,31110630,병영2동,3111011400,서동,3.11101E+18,1,대지,599,3,울산광역시 중구 서동 599-3,3.11104E+11,울산광역시 중구 종가17길,37,,3.11101E+24,,울산광역시 중구 종가17길 37,681290,44547,,1,,129.3387225,35.58168687
MA0101202309A0086848,사라플라워,,G2,소매,G219,식물 소매,G21901,꽃집,G47851,화초 및 식물 소매업,31,울산광역시,31110,중구,31110555,복산동,3111010300,복산동,3.11101E+18,1,대지,188,8,울산광역시 중구 복산동 188-8,3.11104E+11,울산광역시 중구 도화골길,37,,3.11101E+24,사라플라워,울산광역시 중구 도화골길 37,681809,44477,,1,,129.3305974,35.56622003
MA0101202308A0059019,로웰플레르,,G2,소매,G219,식물 소매,G21901,꽃집,G47851,화초 및 식물 소매업,31,울산광역시,31200,북구,31200570,송정동,3120012500,화봉동,3.12001E+18,1,대지,1514,3,울산광역시 북구 화봉동 1514-3,3.12005E+11,울산광역시 북구 화산2길,7,,3.12001E+24,,울산광역시 북구 화산2길 7,683410,44236,,1,,129.3716634,35.59794647
MA0101202309A0037870,풀럽,,G2,소매,G219,식물 소매,G21901,꽃집,G47851,화초 및 식물 소매업,31,울산광역시,31140,남구,31140570,삼산동,3114010500,달동,3.11401E+18,1,대지,1350,11,울산광역시 남구 달동 1350-11,3.11404E+11,울산광역시 남구 왕생로72번길,19,,3.11401E+24,,울산광역시 남구 왕생로72번길 19,680805,44703,,,,129.3330092,35.54024094
MA0101202308A0104215,제제꽃방,,G2,소매,G219,식물 소매,G21901,꽃집,G47851,화초 및 식물 소매업,31,울산광역시,31110,중구,31110630,병영2동,3111011400,서동,3.11101E+18,1,대지,39,8,울산광역시 중구 서동 39-8,3.11104E+11,울산광역시 중구 동천5길,18,4,3.11101E+24,,울산광역시 중구 동천5길 18-4,681290,44481,,1,,129.3463176,35.58153017
MA0101202309A0024285,푸른화원,,G2,소매,G219,식물 소매,G21901,꽃집,G47851,화초 및 식물 소매업,31,울산광역시,31170,동구,31170600,남목3동,3117010600,주전동,3.11701E+18,1,대지,456,,울산광역시 동구 주전동 456,3.11704E+11,울산광역시 동구 주밭길,51,,3.11701E+24,,울산광역시 동구 주밭길 51,682080,44013,,,,129.4521571,35.56083406
MA0101202308A0005833,꽃피울,,G2,소매,G219,식물 소매,G21901,꽃집,G47851,화초 및 식물 소매업,31,울산광역시,31140,남구,31140625,대현동,3114010800,야음동,3.11401E+18,1,대지,942,,울산광역시 남구 야음동 942,3.11404E+11,울산광역시 남구 수암로190번길,17,,3.11401E+24,시티프라디움,울산광역시 남구 수암로190번길 17,680840,44751,,1,,129.3281422,35.52556667
MA0101202308A0034117,로더플라워,,G2,소매,G219,식물 소매,G21901,꽃집,G47851,화초 및 식물 소매업,31,울산광역시,31200,북구,31200560,효문동,3120012200,연암동,3.12001E+18,1,대지,295,1,울산광역시 북구 연암동 295-1,3.12004E+11,울산광역시 북구 연암12길,6,,3.12001E+24,,울산광역시 북구 연암12길 6,683805,44245,,1,,129.370652,35.58535176
MA0101202308A0010705,예뻐지는공간,,G2,소매,G219,식물 소매,G21901,꽃집,G47851,화초 및 식물 소매업,31,울산광역시,31110,중구,31110610,다운동,3111011200,다운동,3.11101E+18,1,대지,549,4,울산광역시 중구 다운동 549-4,3.11104E+11,울산광역시 중구 구루미7길,48,,3.11101E+24,,울산광역시 중구 구루미7길 48,681803,44407,,1,,129.2721882,35.55822583
MA0101202307A0082809,플레르마농,,G2,소매,G219,식물 소매,G21901,꽃집,G47851,화초 및 식물 소매업,31,울산광역시,31170,동구,31170530,화정동,3117010200,화정동,3.11701E+18,1,대지,651,39,울산광역시 동구 화정동 651-39,3.11704E+11,울산광역시 동구 화진8길,48,,3.11701E+24,더에이치타워,울산광역시 동구 화진8길 48,682822,44081,,1,,129.42339,35.49421643
MA0101202310A0034341,아카시아꽃집,,G2,소매,G219,식물 소매,G21901,꽃집,G47851,화초 및 식물 소매업,31,울산광역시,31110,중구,31110585,중앙동,3111010600,성남동,3.11101E+18,1,대지,250,10,울산광역시 중구 성남동 250-10,3.11104E+11,울산광역시 중구 먹자거리,26,,3.11101E+24,,울산광역시 중구 먹자거리 26,681812,44532,,1,,129.3208891,35.55462158
MA0101202307A0028982,아르떼플라워,,G2,소매,G219,식물 소매,G21901,꽃집,G47851,화초 및 식물 소매업,31,울산광역시,31140,남구,31140570,삼산동,3114010600,삼산동,3.11401E+18,1,대지,1506,12,울산광역시 남구 삼산동 1506-12,3.11403E+11,울산광역시 남구 월평로,221,,3.11401E+24,,울산광역시 남구 월평로 221,680814,44696,,,,129.328966,35.54681577
MA0101202406A0093264,이니아플로르,,G2,소매,G219,식물 소매,G21901,꽃집,G47851,화초 및 식물 소매업,31,울산광역시,31140,남구,31140530,신정3동,3114010400,신정동,3.11401E+18,1,대지,488,3,울산광역시 남구 신정동 488-3,3.11404E+11,울산광역시 남구 중앙로280번길,22,,3.11401E+24,,울산광역시 남구 중앙로280번길 22,680824,44679,,1,,129.3123763,35.54616206
MA0101202406A0067634,꼬블리부케,울산점,G2,소매,G219,식물 소매,G21901,꽃집,G47851,화초 및 식물 소매업,31,울산광역시,31200,북구,31200520,농소2동,3120010500,신천동,3.12001E+18,1,대지,583,,울산광역시 북구 신천동 583,3.12003E+11,울산광역시 북구 신천로,55,22,3.12001E+24,수테라스타운,울산광역시 북구 신천로 55-22,683803,44218,,4,,129.3483881,35.64405848
MA0101202406A0078890,플랜트코,,G2,소매,G219,식물 소매,G21901,꽃집,G47851,화초 및 식물 소매업,31,울산광역시,31200,북구,31200590,염포동,3120012700,염포동,3.12001E+18,1,대지,417,3,울산광역시 북구 염포동 417-3,3.12003E+11,울산광역시 북구 염포로,725,,3.12001E+24,,울산광역시 북구 염포로 725,683807,44262,,2,,129.3955487,35.52946309
MA0101202311A0077980,모네아뜰리에,,G2,소매,G219,식물 소매,G21901,꽃집,G47851,화초 및 식물 소매업,31,울산광역시,31110,중구,31110590,우정동,3111010800,우정동,3.11101E+18,1,대지,436,80,울산광역시 중구 우정동 436-80,3.11104E+11,울산광역시 중구 우정6길,18,,3.11101E+24,,울산광역시 중구 우정6길 18,681816,44461,,1,,129.3121824,35.55975379
MA0101202311A0043927,떼루와플라워,,G2,소매,G219,식물 소매,G21901,꽃집,G47851,화초 및 식물 소매업,31,울산광역시,31140,남구,31140510,신정1동,3114010400,신정동,3.11401E+18,1,대지,643,1,울산광역시 남구 신정동 643-1,3.11404E+11,울산광역시 남구 월평로48번길,9,,3.11401E+24,휴먼빌,울산광역시 남구 월평로48번길 9,680826,44672,,,,129.3113238,35.54099213
MA0101202311A0059523,아인느플라워,,G2,소매,G219,식물 소매,G21901,꽃집,G47851,화초 및 식물 소매업,31,울산광역시,31140,남구,31140595,무거동,3114010100,무거동,3.11401E+18,1,대지,624,13,울산광역시 남구 무거동 624-13,3.11404E+11,울산광역시 남구 대학로64번길,14,,3.11401E+24,중간호,울산광역시 남구 대학로64번길 14,680808,44611,,1,,129.2592762,35.54017681
MA0101202311A0033849,수피,,G2,소매,G219,식물 소매,G21901,꽃집,G47851,화초 및 식물 소매업,31,울산광역시,31140,남구,31140560,달동,3114010500,달동,3.11401E+18,1,대지,642,12,울산광역시 남구 달동 642-12,3.11404E+11,울산광역시 남구 중앙로156번길,43,17,3.11401E+24,,울산광역시 남구 중앙로156번길 43-17,680802,44693,,,,129.3182539,35.5370115
MA0101202311A0017309,뜨락,,G2,소매,G219,식물 소매,G21901,꽃집,G47851,화초 및 식물 소매업,31,울산광역시,31710,울주군,31710360,두동면,3171036025,두동면,3.17104E+18,1,대지,630,7,울산광역시 울주군 두동면 이전리 630-7,3.17104E+11,울산광역시 울주군 두동면 이전장성길,104,,3.17104E+24,,울산광역시 울주군 두동면 이전장성길 104,689842,44916,,,,129.2216521,35.64403119
MA0101202311A0018277,웬에버,,G2,소매,G219,식물 소매,G21901,꽃집,G47851,화초 및 식물 소매업,31,울산광역시,31140,남구,31140520,신정2동,3114010400,신정동,3.11401E+18,1,대지,692,3,울산광역시 남구 신정동 692-3,3.11404E+11,울산광역시 남구 봉월로38번길,38,,3.11401E+24,,울산광역시 남구 봉월로38번길 38,680828,44676,,1,,129.3104209,35.53680147
MA0101202310A0094438,에스콘디테,,G2,소매,G219,식물 소매,G21901,꽃집,G47851,화초 및 식물 소매업,31,울산광역시,31140,남구,31140570,삼산동,3114010500,달동,3.11401E+18,1,대지,1262,2,울산광역시 남구 달동 1262-2,3.11404E+11,울산광역시 남구 왕생로30번길,4,,3.11401E+24,인벤션빌,울산광역시 남구 왕생로30번길 4,680804,44718,,,,129.3330043,35.53626737
MA0101202311A0008245,에이플레르,,G2,소매,G219,식물 소매,G21901,꽃집,G47851,화초 및 식물 소매업,31,울산광역시,31110,중구,31110630,병영2동,3111011400,서동,3.11101E+18,1,대지,602,1,울산광역시 중구 서동 602-1,3.11104E+11,울산광역시 중구 종가17길,24,23,3.11101E+24,경영빌딩,울산광역시 중구 종가17길 24-23,681290,44547,,,,129.3393989,35.58180889
MA0101202311A0004602,일로플라워,,G2,소매,G219,식물 소매,G21901,꽃집,G47851,화초 및 식물 소매업,31,울산광역시,31140,남구,31140510,신정1동,3114010400,신정동,3.11401E+18,1,대지,1287,2,울산광역시 남구 신정동 1287-2,3.11403E+11,울산광역시 남구 봉월로,159,,3.11401E+24,,울산광역시 남구 봉월로 159,680825,44623,,,,129.3071408,35.54659579
MA0101202406A0408444,들꽃따라,,G2,소매,G219,식물 소매,G21901,꽃집,G47851,화초 및 식물 소매업,31,울산광역시,31140,남구,31140560,달동,3114010500,달동,3.11401E+18,1,대지,878,7,울산광역시 남구 달동 878-7,3.11404E+11,울산광역시 남구 삼산로77번길,27,1,3.11401E+24,,울산광역시 남구 삼산로77번길 27-1,680802,44691,,1,,129.3150792,35.53701846
MA0101202406A0340578,오트플라워스튜디오,,G2,소매,G219,식물 소매,G21901,꽃집,G47851,화초 및 식물 소매업,31,울산광역시,31110,중구,31110630,병영2동,3111011400,서동,3.11101E+18,1,대지,612,7,울산광역시 중구 서동 612-7,3.11103E+11,울산광역시 중구 종가로,641,,3.11101E+24,굿프라임,울산광역시 중구 종가로 641,681290,44547,,3,,129.3389234,35.57987185
MA0101202406A0283321,누리플라워,,G2,소매,G219,식물 소매,G21901,꽃집,G47851,화초 및 식물 소매업,31,울산광역시,31710,울주군,31710259,범서읍,3171025922,범서읍,3.17103E+18,1,대지,602,7,울산광역시 울주군 범서읍 천상리 602-7,3.17104E+11,울산광역시 울주군 범서읍 천상중앙길,110,,3.17103E+24,,울산광역시 울주군 범서읍 천상중앙길 110,689855,44928,,,,129.2244589,35.56245029
MA0101202406A0201091,위프위프,,G2,소매,G219,식물 소매,G21901,꽃집,G47851,화초 및 식물 소매업,31,울산광역시,31140,남구,31140600,옥동,3114010200,옥동,3.11401E+18,1,대지,1398,2,울산광역시 남구 옥동 1398-2,3.11404E+11,울산광역시 남구 문수로369번길,12,,3.11401E+24,,울산광역시 남구 문수로369번길 12,680844,44648,,,,129.2942183,35.53573232
MA0101202406A0227737,이운,,G2,소매,G219,식물 소매,G21901,꽃집,G47851,화초 및 식물 소매업,31,울산광역시,31140,남구,31140550,신정5동,3114010400,신정동,3.11401E+18,1,대지,137,6,울산광역시 남구 신정동 137-6,3.11404E+11,울산광역시 남구 번영로201번길,8,,3.11401E+24,,울산광역시 남구 번영로201번길 8,680821,44687,,1,,129.3246408,35.54288055
MA0101202408A0025036,일랑플라워,,G2,소매,G219,식물 소매,G21901,꽃집,G47851,화초 및 식물 소매업,31,울산광역시,31110,중구,31110585,중앙동,3111010600,성남동,3.11101E+18,1,대지,190,73,울산광역시 중구 성남동 190-73,3.11104E+11,울산광역시 중구 중앙길,38,2,3.11101E+24,,울산광역시 중구 중앙길 38-2,681812,44533,,,,129.3161966,35.55401804
MA0101202408A0021447,윤슬꽃집,,G2,소매,G219,식물 소매,G21901,꽃집,G47851,화초 및 식물 소매업,31,울산광역시,31200,북구,31200570,송정동,3120012600,송정동,3.12001E+18,1,대지,1255,2,울산광역시 북구 송정동 1255-2,3.12005E+11,울산광역시 북구 곡리8길,5,1,3.12001E+24,,울산광역시 북구 곡리8길 5-1,683410,44236,,,,129.3709295,35.60186243
MA0101202408A0060905,사계플라워,,G2,소매,G219,식물 소매,G21901,꽃집,G47851,화초 및 식물 소매업,31,울산광역시,31110,중구,31110600,태화동,3111011000,유곡동,3.11101E+18,1,대지,477,1,울산광역시 중구 유곡동 477-1,3.11104E+11,울산광역시 중구 종가2길,1,2,3.11101E+24,,울산광역시 중구 종가2길 1-2,681819,44539,,1,,129.2956375,35.55998901
MA0101202408A0021612,피어쏘,,G2,소매,G219,식물 소매,G21901,꽃집,G47851,화초 및 식물 소매업,31,울산광역시,31710,울주군,31710253,언양읍,3171025330,언양읍,3.17103E+18,1,대지,376,1,울산광역시 울주군 언양읍 동부리 376-1,3.17104E+11,울산광역시 울주군 언양읍 북문5길,6,,3.17103E+24,북측,울산광역시 울주군 언양읍 북문5길 6,689804,44939,,1,,129.1254301,35.57039209
MA0101202408A0025749,비플라워,,G2,소매,G219,식물 소매,G21901,꽃집,G47851,화초 및 식물 소매업,31,울산광역시,31710,울주군,31710253,언양읍,3171025331,언양읍,3.17103E+18,1,대지,140,,울산광역시 울주군 언양읍 서부리 140,3.17103E+11,울산광역시 울주군 언양읍 읍성로,6,,3.17103E+24,,울산광역시 울주군 언양읍 읍성로 6,689806,44946,,1,,129.1173931,35.56506392
MA0101202408A0047177,울희꽃밭,,G2,소매,G219,식물 소매,G21901,꽃집,G47851,화초 및 식물 소매업,31,울산광역시,31170,동구,31170530,화정동,3117010200,화정동,3.11701E+18,1,대지,880,18,울산광역시 동구 화정동 880-18,3.11704E+11,울산광역시 동구 화진길,73,,3.11701E+24,,울산광역시 동구 화진길 73,682823,44083,,1,,129.4216988,35.49146618
MA0101202408A0023236,풀로그린,,G2,소매,G219,식물 소매,G21901,꽃집,G47851,화초 및 식물 소매업,31,울산광역시,31200,북구,31200540,강동동,3120011800,산하동,3.12001E+18,1,대지,1019,1,울산광역시 북구 산하동 1019-1,3.12003E+11,울산광역시 북구 강동산하3로,17,,3.12001E+24,신한마린스퀘어,울산광역시 북구 강동산하3로 17,683260,44264,,,,129.4387176,35.62960306
MA0101202408A0028497,꽃마을,,G2,소매,G219,식물 소매,G21901,꽃집,G47851,화초 및 식물 소매업,31,울산광역시,31710,울주군,31710259,범서읍,3171025927,범서읍,3.17103E+18,1,대지,371,,울산광역시 울주군 범서읍 구영리 371,3.17104E+11,울산광역시 울주군 범서읍 대리2길,44,,3.17103E+24,구영푸르지오2단지,울산광역시 울주군 범서읍 대리2길 44,689761,44922,,1,,129.2452697,35.57002082
MA0101202408A0029730,꽃구름,,G2,소매,G219,식물 소매,G21901,꽃집,G47851,화초 및 식물 소매업,31,울산광역시,31170,동구,31170590,남목2동,3117010800,서부동,3.11701E+18,1,대지,181,27,울산광역시 동구 서부동 181-27,3.11704E+11,울산광역시 동구 명덕5길,27,,3.11701E+24,남쪽부분호,울산광역시 동구 명덕5길 27,682808,44030,,1,,129.4323127,35.52520381
MA0101202408A0033964,오후플라워,,G2,소매,G219,식물 소매,G21901,꽃집,G47851,화초 및 식물 소매업,31,울산광역시,31140,남구,31140550,신정5동,3114010400,신정동,3.11401E+18,1,대지,134,9,울산광역시 남구 신정동 134-9,3.11404E+11,울산광역시 남구 월평로168번길,21,,3.11401E+24,오후플라워사랑으로,울산광역시 남구 월평로168번길 21,680821,44687,,1,,129.3241994,35.54324948
MA0101202408A0053789,피움,,G2,소매,G219,식물 소매,G21901,꽃집,G47851,화초 및 식물 소매업,31,울산광역시,31140,남구,31140530,신정3동,3114010400,신정동,3.11401E+18,1,대지,467,25,울산광역시 남구 신정동 467-25,3.11404E+11,울산광역시 남구 중앙로290번길,19,,3.11401E+24,,울산광역시 남구 중앙로290번길 19,680824,44679,,1,,129.3115778,35.54715053
MA0101202408A0050047,덕산조경,,G2,소매,G219,식물 소매,G21901,꽃집,G47851,화초 및 식물 소매업,31,울산광역시,31140,남구,31140540,신정4동,3114010400,신정동,3.11401E+18,1,대지,808,14,울산광역시 남구 신정동 808-14,3.11404E+11,울산광역시 남구 수암로64번길,10,4,3.11401E+24,,울산광역시 남구 수암로64번길 10-4,680831,44741,,,,129.3144962,35.52977609
MA0101202408A0019292,어데이플라워,,G2,소매,G219,식물 소매,G21901,꽃집,G47851,화초 및 식물 소매업,31,울산광역시,31110,중구,31110530,반구2동,3111011800,반구동,3.11101E+18,1,대지,56,27,울산광역시 중구 반구동 56-27,3.11104E+11,울산광역시 중구 구교10길,69,,3.11101E+24,,울산광역시 중구 구교10길 69,681804,44509,,1,,129.3377008,35.56399198
MA0101202406A0524878,우와리스튜디오,,G2,소매,G219,식물 소매,G21901,꽃집,G47851,화초 및 식물 소매업,31,울산광역시,31710,울주군,31710265,삼남읍,3171026521,삼남읍,3.17103E+18,1,대지,1686,4,울산광역시 울주군 삼남읍 교동리 1686-4,3.17104E+11,울산광역시 울주군 삼남읍 울산역1길,10,,3.17104E+24,,울산광역시 울주군 삼남읍 울산역1길 10,689812,44951,,1,,129.1295277,35.55686638
MA0101202409A0084054,미니숲,,G2,소매,G219,식물 소매,G21901,꽃집,G47851,화초 및 식물 소매업,31,울산광역시,31140,남구,31140540,신정4동,3114010400,신정동,3.11401E+18,1,대지,852,25,울산광역시 남구 신정동 852-25,3.11404E+11,울산광역시 남구 수암로105번길,3,4,3.11401E+24,,울산광역시 남구 수암로105번길 3-4,680831,44739,,1,,129.3193345,35.52936773
MA0101202409A0041205,피우플라워,,G2,소매,G219,식물 소매,G21901,꽃집,G47851,화초 및 식물 소매업,31,울산광역시,31200,북구,31200560,효문동,3120012100,진장동,3.12001E+18,1,대지,680,,울산광역시 북구 진장동 680,3.12004E+11,울산광역시 북구 진장15길,6,13,3.12001E+24,,울산광역시 북구 진장15길 6-13,683360,44250,,,,129.3563039,35.56435949
MA0101202408A0000142,들꽃이야기,,G2,소매,G219,식물 소매,G21901,꽃집,G47851,화초 및 식물 소매업,31,울산광역시,31710,울주군,31710380,상북면,3171038029,상북면,3.17104E+18,1,대지,764,,울산광역시 울주군 상북면 거리 764,3.17104E+11,울산광역시 울주군 상북면 거리간창길,25,46,3.17104E+24,,울산광역시 울주군 상북면 거리간창길 25-46,689821,44907,,,,129.0692458,35.59172597
MA0101202408A0008597,플라워베니르,,G2,소매,G219,식물 소매,G21901,꽃집,G47851,화초 및 식물 소매업,31,울산광역시,31140,남구,31140550,신정5동,3114010400,신정동,3.11401E+18,1,대지,158,3,울산광역시 남구 신정동 158-3,3.11404E+11,울산광역시 남구 번영로191번길,39,,3.11401E+24,두레빌라트,울산광역시 남구 번영로191번길 39,680821,44688,,1,,129.3217508,35.54091788
MA0101202408A0017237,마이발렌타인,,G2,소매,G219,식물 소매,G21901,꽃집,G47851,화초 및 식물 소매업,31,울산광역시,31140,남구,31140520,신정2동,3114010400,신정동,3.11401E+18,1,대지,1637,69,울산광역시 남구 신정동 1637-69,3.11404E+11,울산광역시 남구 문수로445번길,3,,3.11401E+24,,울산광역시 남구 문수로445번길 3,680833,44655,,1,,129.3019738,35.53362014
MA0101202406A0500305,더리프,,G2,소매,G219,식물 소매,G21901,꽃집,G47851,화초 및 식물 소매업,31,울산광역시,31140,남구,31140510,신정1동,3114010400,신정동,3.11401E+18,1,대지,548,9,울산광역시 남구 신정동 548-9,3.11404E+11,울산광역시 남구 월평로47번길,24,1,3.11401E+24,더리프,울산광역시 남구 월평로47번길 24-1,680826,44671,,1,,129.3101161,35.54385363
MA0101202409A0265198,서부화원,,G2,소매,G219,식물 소매,G21901,꽃집,G47851,화초 및 식물 소매업,31,울산광역시,31710,울주군,31710265,삼남읍,3171026521,삼남읍,3.17103E+18,1,대지,1568,5,울산광역시 울주군 삼남읍 교동리 1568-5,3.17104E+11,울산광역시 울주군 삼남읍 남상평3길,4,,3.17104E+24,,울산광역시 울주군 삼남읍 남상평3길 4,689812,44948,,,,129.1213984,35.56054205
MA0101202409A0265980,꽃범의꼬리,,G2,소매,G219,식물 소매,G21901,꽃집,G47851,화초 및 식물 소매업,31,울산광역시,31200,북구,31200580,양정동,3120012400,양정동,3.12001E+18,1,대지,477,20,울산광역시 북구 양정동 477-20,3.12004E+11,울산광역시 북구 양정6길,6,3,3.12001E+24,꽃범의꼬리,울산광역시 북구 양정6길 6-3,683380,44260,,1,,129.384843,35.54538064
MA0101202409A0259091,가꿈,,G2,소매,G219,식물 소매,G21901,꽃집,G47851,화초 및 식물 소매업,31,울산광역시,31140,남구,31140600,옥동,3114010300,두왕동,3.11401E+18,1,대지,755,1,울산광역시 남구 두왕동 755-1,3.11405E+11,울산광역시 남구 테크노산업로44번길,23,1,3.11401E+24,,울산광역시 남구 테크노산업로44번길 23-1,680845,44776,,1,,129.2962378,35.5153117
MA0101202409A0275714,블리스,,G2,소매,G219,식물 소매,G21901,꽃집,G47851,화초 및 식물 소매업,31,울산광역시,31140,남구,31140560,달동,3114010500,달동,3.11401E+18,1,대지,1407,6,울산광역시 남구 달동 1407-6,3.11404E+11,울산광역시 남구 중앙로128번길,29,,3.11401E+24,,울산광역시 남구 중앙로128번길 29,680803,44722,,1,,129.3181664,35.53358915
MA0101202409A0272356,달;꽃,,G2,소매,G219,식물 소매,G21901,꽃집,G47851,화초 및 식물 소매업,31,울산광역시,31140,남구,31140520,신정2동,3114010400,신정동,3.11401E+18,1,대지,650,16,울산광역시 남구 신정동 650-16,3.11403E+11,울산광역시 남구 중앙로,171,,3.11401E+24,,울산광역시 남구 중앙로 171,680828,44676,,1,,129.3132497,35.53626965
MA0101202409A0270290,던,,G2,소매,G219,식물 소매,G21901,꽃집,G47851,화초 및 식물 소매업,31,울산광역시,31140,남구,31140600,옥동,3114010200,옥동,3.11401E+18,1,대지,129,6,울산광역시 남구 옥동 129-6,3.11404E+11,울산광역시 남구 대공원로115번길,10,,3.11401E+24,동덕현대,울산광역시 남구 대공원로115번길 10,680779,44664,,1,,129.2958743,35.53040251
MA0101202409A0263252,고운플라워,,G2,소매,G219,식물 소매,G21901,꽃집,G47851,화초 및 식물 소매업,31,울산광역시,31140,남구,31140640,선암동,3114011000,상개동,3.11401E+18,1,대지,315,1,울산광역시 남구 상개동 315-1,3.11403E+11,울산광역시 남구 산업로,88,,3.11401E+24,,울산광역시 남구 산업로 88,680818,44786,,1,,129.3181487,35.50424182
MA0101202409A0272499,사계절꽃배달,,G2,소매,G219,식물 소매,G21901,꽃집,G47851,화초 및 식물 소매업,31,울산광역시,31110,중구,31110590,우정동,3111010800,우정동,3.11101E+18,1,대지,420,9,울산광역시 중구 우정동 420-9,3.11104E+11,울산광역시 중구 우정5길,22,,3.11101E+24,,울산광역시 중구 우정5길 22,681816,44461,,,,129.3128147,35.55949837
MA0101202409A0272703,명신플라워,,G2,소매,G219,식물 소매,G21901,꽃집,G47851,화초 및 식물 소매업,31,울산광역시,31110,중구,31110640,약사동,3111011700,약사동,3.11101E+18,1,대지,419,1,울산광역시 중구 약사동 419-1,3.11104E+11,울산광역시 중구 종가12길,24,,3.11101E+24,전체,울산광역시 중구 종가12길 24,681430,44546,,1,,129.3370369,35.57871907
MA0101202409A0274840,종가꽃집,,G2,소매,G219,식물 소매,G21901,꽃집,G47851,화초 및 식물 소매업,31,울산광역시,31110,중구,31110555,복산동,3111010300,복산동,3.11101E+18,1,대지,230,,울산광역시 중구 복산동 230,3.11104E+11,울산광역시 중구 종가8길,7,,3.11101E+24,,울산광역시 중구 종가8길 7,681810,44544,,,,129.3250377,35.5665437
MA0101202409A0261111,아이꽃피유,,G2,소매,G219,식물 소매,G21901,꽃집,G47851,화초 및 식물 소매업,31,울산광역시,31200,북구,31200520,농소2동,3120010600,중산동,3.12001E+18,1,대지,1285,1,울산광역시 북구 중산동 1285-1,3.12004E+11,울산광역시 북구 중산3길,2,,3.12001E+24,,울산광역시 북구 중산3길 2,683450,44213,,1,,129.3488919,35.65259053
MA0101202409A0182649,수풀플라워,,G2,소매,G219,식물 소매,G21901,꽃집,G47851,화초 및 식물 소매업,31,울산광역시,31140,남구,31140625,대현동,3114010800,야음동,3.11401E+18,1,대지,593,22,울산광역시 남구 야음동 593-22,3.11403E+11,울산광역시 남구 대암로,127,,3.11401E+24,,울산광역시 남구 대암로 127,680837,44734,,1,,129.3294632,35.52970405
MA0101202411A0116321,플라워카페꽃공감,,G2,소매,G219,식물 소매,G21901,꽃집,G47851,화초 및 식물 소매업,31,울산광역시,31140,남구,31140640,선암동,3114010900,선암동,3.11401E+18,1,대지,566,13,울산광역시 남구 선암동 566-13,3.11404E+11,울산광역시 남구 두왕로92번길,5,23,3.11401E+24,,울산광역시 남구 두왕로92번길 5-23,680819,44774,,1,,129.3096799,35.51249592
MA0101202411A0124684,장미화원,,G2,소매,G219,식물 소매,G21901,꽃집,G47851,화초 및 식물 소매업,31,울산광역시,31710,울주군,31710256,온양읍,3171025622,온양읍,3.17103E+18,1,대지,415,10,울산광역시 울주군 온양읍 대안리 415-10,3.17104E+11,울산광역시 울주군 온양읍 연안6길,7,,3.17103E+24,,울산광역시 울주군 온양읍 연안6길 7,689903,44979,,,,129.2827728,35.40825791
MA0101202411A0045355,시로,,G2,소매,G219,식물 소매,G21901,꽃집,G47851,화초 및 식물 소매업,31,울산광역시,31140,남구,31140510,신정1동,3114010400,신정동,3.11401E+18,1,대지,623,4,울산광역시 남구 신정동 623-4,3.11404E+11,울산광역시 남구 월평로48번길,3,,3.11401E+24,,울산광역시 남구 월평로48번길 3,680826,44672,,,,129.3110028,35.54133168
MA0101202411A0158060,높은산에,,G2,소매,G219,식물 소매,G21901,꽃집,G47851,화초 및 식물 소매업,31,울산광역시,31200,북구,31200530,농소3동,3120011000,시례동,3.12001E+18,1,대지,21,3,울산광역시 북구 시례동 21-3,3.12004E+11,울산광역시 북구 창좌1길,21,6,3.12001E+24,,울산광역시 북구 창좌1길 21-6,683800,44212,,,,129.3452844,35.60659946
MA0101202411A0145041,소망꽃수족관,,G2,소매,G219,식물 소매,G21901,꽃집,G47851,화초 및 식물 소매업,31,울산광역시,31170,동구,31170510,방어동,3117010100,방어동,3.11701E+18,1,대지,923,19,울산광역시 동구 방어동 923-19,3.11702E+11,울산광역시 동구 방어진순환도로,515,,3.11701E+24,,울산광역시 동구 방어진순환도로 515,682805,44089,,,,129.4234796,35.48876331
MA0101202411A0157567,오나플라워,,G2,소매,G219,식물 소매,G21901,꽃집,G47851,화초 및 식물 소매업,31,울산광역시,31140,남구,31140510,신정1동,3114010400,신정동,3.11401E+18,1,대지,1228,7,울산광역시 남구 신정동 1228-7,3.11404E+11,울산광역시 남구 거마로134번길,13,,3.11401E+24,,울산광역시 남구 거마로134번길 13,680850,44650,,1,,129.3048166,35.53858474
MA0101202411A0154730,유니에플라워,,G2,소매,G219,식물 소매,G21901,꽃집,G47851,화초 및 식물 소매업,31,울산광역시,31140,남구,31140550,신정5동,3114010400,신정동,3.11401E+18,1,대지,274,6,울산광역시 남구 신정동 274-6,3.11403E+11,울산광역시 남구 신정로,182,8,3.11401E+24,,울산광역시 남구 신정로 182-8,680846,44681,,1,,129.3178643,35.54760647
MA0101202502A0037451,블루밋,,G2,소매,G219,식물 소매,G21901,꽃집,G47851,화초 및 식물 소매업,31,울산광역시,31140,남구,31140550,신정5동,3114010400,신정동,3.11401E+18,1,대지,1911,,울산광역시 남구 신정동 1911,3.11404E+11,울산광역시 남구 월평로171번길,26,,3.11401E+24,신정지웰,울산광역시 남구 월평로171번길 26,680015,44686,,1,,129.3232276,35.54739507
MA0101202412A0021798,엔플라워,,G2,소매,G219,식물 소매,G21901,꽃집,G47851,화초 및 식물 소매업,31,울산광역시,31170,동구,31170560,전하2동,3117010400,전하동,3.11701E+18,1,대지,683,4,울산광역시 동구 전하동 683-4,3.11704E+11,울산광역시 동구 진성15나길,5,,3.11701E+24,,울산광역시 동구 진성15나길 5,682818,44050,,,,129.4228471,35.50695009
MA0101202502A0017875,루미에르,,G2,소매,G219,식물 소매,G21901,꽃집,G47851,화초 및 식물 소매업,31,울산광역시,31110,중구,31110600,태화동,3111011000,유곡동,3.11101E+18,1,대지,635,3,울산광역시 중구 유곡동 635-3,3.11104E+11,울산광역시 중구 원유곡길,150,1,3.11101E+24,,울산광역시 중구 원유곡길 150-1,681819,44413,,,,129.2884737,35.56826189
MA0101202501A0073793,화색,,G2,소매,G219,식물 소매,G21901,꽃집,G47851,화초 및 식물 소매업,31,울산광역시,31140,남구,31140570,삼산동,3114010600,삼산동,3.11401E+18,1,대지,1462,19,울산광역시 남구 삼산동 1462-19,3.11404E+11,울산광역시 남구 돋질로251번길,38,,3.11401E+24,,울산광역시 남구 돋질로251번길 38,680814,44700,,1,,129.3313023,35.54677961
MA0101202502A0013738,초록사계,,G2,소매,G219,식물 소매,G21901,꽃집,G47851,화초 및 식물 소매업,31,울산광역시,31110,중구,31110585,중앙동,3111010500,옥교동,3.11101E+18,1,대지,95,24,울산광역시 중구 옥교동 95-24,3.11104E+11,울산광역시 중구 젊음의거리,92,,3.11101E+24,,울산광역시 중구 젊음의거리 92,681190,44531,,1,,129.3222728,35.55404527
MA0101202501A0075302,오거리병영꽃집,,G2,소매,G219,식물 소매,G21901,꽃집,G47851,화초 및 식물 소매업,31,울산광역시,31110,중구,31110620,병영1동,3111011500,남외동,3.11101E+18,1,대지,437,4,울산광역시 중구 남외동 437-4,3.11103E+11,울산광역시 중구 번영로,565,,3.11101E+24,,울산광역시 중구 번영로 565,681801,44492,,1,,129.3437903,35.56899167
MA0101202502A0005218,히핀플라워스튜디오,,G2,소매,G219,식물 소매,G21901,꽃집,G47851,화초 및 식물 소매업,31,울산광역시,31140,남구,31140520,신정2동,3114010400,신정동,3.11401E+18,1,대지,1644,112,울산광역시 남구 신정동 1644-112,3.11404E+11,울산광역시 남구 문수로435번길,24,,3.11401E+24,,울산광역시 남구 문수로435번길 24,680833,44655,,1,,129.3010273,35.53560253
MA0101202501A0061986,가든데코,,G2,소매,G219,식물 소매,G21901,꽃집,G47851,화초 및 식물 소매업,31,울산광역시,31140,남구,31140520,신정2동,3114010400,신정동,3.11401E+18,1,대지,1637,96,울산광역시 남구 신정동 1637-96,3.11404E+11,울산광역시 남구 문수로445번길,6,,3.11401E+24,,울산광역시 남구 문수로445번길 6,680833,44657,,1,,129.3022095,35.53376881
MA0101202501A0058384,에르플라워,,G2,소매,G219,식물 소매,G21901,꽃집,G47851,화초 및 식물 소매업,31,울산광역시,31140,남구,31140600,옥동,3114010200,옥동,3.11401E+18,1,대지,131,62,울산광역시 남구 옥동 131-62,3.11404E+11,울산광역시 남구 대공원로99번길,20,1,3.11401E+24,루클라쎄,울산광역시 남구 대공원로99번길 20-1,680843,44664,,2,,129.2959878,35.53129241
MA0101202412A0086518,플라워갤러리,,G2,소매,G219,식물 소매,G21901,꽃집,G47851,화초 및 식물 소매업,31,울산광역시,31140,남구,31140570,삼산동,3114010600,삼산동,3.11401E+18,1,대지,1526,3,울산광역시 남구 삼산동 1526-3,3.11404E+11,울산광역시 남구 삼산로267번길,6,10,3.11401E+24,,울산광역시 남구 삼산로267번길 6-10,680816,44705,,5,,129.3366536,35.53970179
MA0101202412A0074397,화요일,,G2,소매,G219,식물 소매,G21901,꽃집,G47851,화초 및 식물 소매업,31,울산광역시,31140,남구,31140600,옥동,3114010200,옥동,3.11401E+18,1,대지,581,11,울산광역시 남구 옥동 581-11,3.11403E+11,울산광역시 남구 법대로,85,,3.11401E+24,,울산광역시 남구 법대로 85,680845,44645,,2,,129.2880462,35.53693993
MA0101202412A0061827,엔플리카로사,,G2,소매,G219,식물 소매,G21901,꽃집,G47851,화초 및 식물 소매업,31,울산광역시,31140,남구,31140520,신정2동,3114010400,신정동,3.11401E+18,1,대지,1637,48,울산광역시 남구 신정동 1637-48,3.11404E+11,울산광역시 남구 문수로437번길,10,1,3.11401E+24,,울산광역시 남구 문수로437번길 10-1,680833,44655,,1,,129.3014368,35.53411696
MA0101202502A0072250,수경화원,,G2,소매,G219,식물 소매,G21901,꽃집,G47851,화초 및 식물 소매업,31,울산광역시,31170,동구,31170510,방어동,3117010100,방어동,3.11701E+18,1,대지,74,7,울산광역시 동구 방어동 74-7,3.11702E+11,울산광역시 동구 방어진순환도로,553,,3.11701E+24,,울산광역시 동구 방어진순환도로 553,682803,44090,,,,129.4260241,35.49131617
MA0101202502A0093378,몽드플레르,,G2,소매,G219,식물 소매,G21901,꽃집,G47851,화초 및 식물 소매업,31,울산광역시,31710,울주군,31710262,청량읍,3171026223,청량읍,3.17103E+18,1,대지,818,17,울산광역시 울주군 청량읍 상남리 818-17,3.17104E+11,울산광역시 울주군 청량읍 상남길,46,,3.17103E+24,,울산광역시 울주군 청량읍 상남길 46,689864,44985,,1,,129.3039881,35.4845455
MA0101202502A0072990,오아드플레르,,G2,소매,G219,식물 소매,G21901,꽃집,G47851,화초 및 식물 소매업,31,울산광역시,31140,남구,31140520,신정2동,3114010400,신정동,3.11401E+18,1,대지,1634,1,울산광역시 남구 신정동 1634-1,3.11404E+11,울산광역시 남구 문수로410번길,18,,3.11401E+24,,울산광역시 남구 문수로410번길 18,680833,44664,,1,,129.2973927,35.53223879
MA0101202502A0078103,비터플라워,,G2,소매,G219,식물 소매,G21901,꽃집,G47851,화초 및 식물 소매업,31,울산광역시,31110,중구,31110600,태화동,3111011100,태화동,3.11101E+18,1,대지,472,12,울산광역시 중구 태화동 472-12,3.11104E+11,울산광역시 중구 신기9길,43,,3.11101E+24,,울산광역시 중구 신기9길 43,681819,44456,,,,129.2955134,35.55061129
